記者発表日,発生届による新規陽性者数(A),自主療養者数(B),医療機関から報告された患者数(C),陽性者登録者数（セルフテスト分）(D),新規感染者数(A)+(B)+(C)+(D),新規感染者数の推移（人口10万人当たり・週合計）,新規感染者数（過去1週間の平均）,新規感染者数の推移（週合計の前週比）
2020/1/16,1,,,,1,,,
2020/1/17,0,,,,0,,,
2020/1/18,0,,,,0,,,
2020/1/19,0,,,,0,,,
2020/1/20,0,,,,0,,,
2020/1/21,0,,,,0,,,
2020/1/22,0,,,,0,0.01,0.14,
2020/1/23,0,,,,0,0.00,0.00,
2020/1/24,0,,,,0,0.00,0.00,
2020/1/25,0,,,,0,0.00,0.00,
2020/1/26,0,,,,0,0.00,0.00,
2020/1/27,0,,,,0,0.00,0.00,
2020/1/28,0,,,,0,0.00,0.00,
2020/1/29,0,,,,0,0.00,0.00,0.00%
2020/1/30,0,,,,0,0.00,0.00,0.00%
2020/1/31,0,,,,0,0.00,0.00,0.00%
2020/2/1,0,,,,0,0.00,0.00,0.00%
2020/2/2,0,,,,0,0.00,0.00,0.00%
2020/2/3,0,,,,0,0.00,0.00,0.00%
2020/2/4,0,,,,0,0.00,0.00,0.00%
2020/2/5,0,,,,0,0.00,0.00,0.00%
2020/2/6,0,,,,0,0.00,0.00,0.00%
2020/2/7,0,,,,0,0.00,0.00,0.00%
2020/2/8,0,,,,0,0.00,0.00,0.00%
2020/2/9,0,,,,0,0.00,0.00,0.00%
2020/2/10,0,,,,0,0.00,0.00,0.00%
2020/2/11,1,,,,1,0.01,0.14,0.00%
2020/2/12,0,,,,0,0.01,0.14,0.00%
2020/2/13,1,,,,1,0.02,0.29,0.00%
2020/2/14,1,,,,1,0.03,0.43,0.00%
2020/2/15,0,,,,0,0.03,0.43,0.00%
2020/2/16,0,,,,0,0.03,0.43,0.00%
2020/2/17,1,,,,1,0.04,0.57,0.00%
2020/2/18,1,,,,1,0.04,0.57,400.00%
2020/2/19,2,,,,2,0.07,0.86,600.00%
2020/2/20,2,,,,2,0.08,1.00,350.00%
2020/2/21,3,,,,3,0.10,1.29,300.00%
2020/2/22,1,,,,1,0.11,1.43,333.33%
2020/2/23,0,,,,0,0.11,1.43,333.33%
2020/2/24,4,,,,4,0.14,1.86,325.00%
2020/2/25,0,,,,0,0.13,1.71,300.00%
2020/2/26,1,,,,1,0.12,1.57,183.33%
2020/2/27,3,,,,3,0.13,1.71,171.43%
2020/2/28,2,,,,2,0.12,1.57,122.22%
2020/2/29,0,,,,0,0.11,1.43,100.00%
2020/3/1,3,,,,3,0.14,1.86,130.00%
2020/3/2,4,,,,4,0.14,1.86,100.00%
2020/3/3,1,,,,1,0.15,2.00,116.67%
2020/3/4,0,,,,0,0.14,1.86,118.18%
2020/3/5,3,,,,3,0.14,1.86,108.33%
2020/3/6,6,,,,6,0.18,2.43,154.55%
2020/3/7,1,,,,1,0.20,2.57,180.00%
2020/3/8,0,,,,0,0.16,2.14,115.38%
2020/3/9,0,,,,0,0.12,1.57,84.62%
2020/3/10,2,,,,2,0.13,1.71,85.71%
2020/3/11,3,,,,3,0.16,2.14,115.38%
2020/3/12,3,,,,3,0.16,2.14,115.38%
2020/3/13,1,,,,1,0.11,1.43,58.82%
2020/3/14,0,,,,0,0.10,1.29,50.00%
2020/3/15,6,,,,6,0.16,2.14,100.00%
2020/3/16,0,,,,0,0.16,2.14,136.36%
2020/3/17,4,,,,4,0.18,2.43,141.67%
2020/3/18,1,,,,1,0.16,2.14,100.00%
2020/3/19,6,,,,6,0.20,2.57,120.00%
2020/3/20,2,,,,2,0.21,2.71,190.00%
2020/3/21,4,,,,4,0.25,3.29,255.56%
2020/3/22,5,,,,5,0.24,3.14,146.67%
2020/3/23,0,,,,0,0.24,3.14,146.67%
2020/3/24,6,,,,6,0.26,3.43,141.18%
2020/3/25,4,,,,4,0.29,3.86,180.00%
2020/3/26,6,,,,6,0.29,3.86,150.00%
2020/3/27,11,,,,11,0.39,5.14,189.47%
2020/3/28,12,,,,12,0.48,6.29,191.30%
2020/3/29,9,,,,9,0.52,6.86,218.18%
2020/3/30,3,,,,3,0.55,7.29,231.82%
2020/3/31,14,,,,14,0.64,8.43,245.83%
2020/4/1,19,,,,19,0.80,10.57,274.07%
2020/4/2,25,,,,25,1.01,13.29,344.44%
2020/4/3,31,,,,31,1.23,16.14,313.89%
2020/4/4,21,,,,21,1.32,17.43,277.27%
2020/4/5,27,,,,27,1.52,20.00,291.67%
2020/4/6,6,,,,6,1.55,20.43,280.39%
2020/4/7,18,,,,18,1.59,21.00,249.15%
2020/4/8,64,,,,64,2.08,27.43,259.46%
2020/4/9,28,,,,28,2.12,27.86,209.68%
2020/4/10,55,,,,55,2.38,31.29,193.81%
2020/4/11,76,,,,76,2.97,39.14,224.59%
2020/4/12,31,,,,31,3.02,39.71,198.57%
2020/4/13,15,,,,15,3.11,41.00,200.70%
2020/4/14,20,,,,20,3.13,41.29,196.60%
2020/4/15,40,,,,40,2.87,37.86,138.02%
2020/4/16,55,,,,55,3.17,41.71,149.74%
2020/4/17,34,,,,34,2.94,38.71,123.74%
2020/4/18,44,,,,44,2.59,34.14,87.23%
2020/4/19,30,,,,30,2.58,34.00,85.61%
2020/4/20,16,,,,16,2.59,34.14,83.28%
2020/4/21,14,,,,14,2.53,33.29,80.62%
2020/4/22,25,,,,25,2.36,31.14,82.26%
2020/4/23,39,,,,39,2.19,28.86,69.18%
2020/4/24,32,,,,32,2.17,28.57,73.80%
2020/4/25,31,,,,31,2.03,26.71,78.24%
2020/4/26,16,,,,16,1.88,24.71,72.69%
2020/4/27,7,,,,7,1.78,23.43,68.62%
2020/4/28,10,,,,10,1.74,22.86,68.67%
2020/4/29,26,,,,26,1.75,23.00,73.85%
2020/4/30,26,,,,26,1.61,21.14,73.27%
2020/5/1,15,,,,15,1.42,18.71,65.50%
2020/5/2,36,,,,36,1.48,19.43,72.73%
2020/5/3,23,,,,23,1.55,20.43,82.66%
2020/5/4,10,,,,10,1.58,20.86,89.02%
2020/5/5,14,,,,14,1.63,21.43,93.75%
2020/5/6,7,,,,7,1.42,18.71,81.37%
2020/5/7,13,,,,13,1.28,16.86,79.73%
2020/5/8,7,,,,7,1.19,15.71,83.97%
2020/5/9,8,,,,8,0.89,11.71,60.29%
2020/5/10,13,,,,13,0.78,10.29,50.35%
2020/5/11,7,,,,7,0.75,9.86,47.26%
2020/5/12,15,,,,15,0.76,10.00,46.67%
2020/5/13,10,,,,10,0.79,10.43,55.73%
2020/5/14,32,,,,32,1.00,13.14,77.97%
2020/5/15,16,,,,16,1.10,14.43,91.82%
2020/5/16,12,,,,12,1.14,15.00,128.05%
2020/5/17,5,,,,5,1.05,13.86,134.72%
2020/5/18,8,,,,8,1.06,14.00,142.03%
2020/5/19,8,,,,8,0.99,13.00,130.00%
2020/5/20,18,,,,18,1.07,14.14,135.62%
2020/5/21,13,,,,13,0.87,11.43,86.96%
2020/5/22,7,,,,7,0.77,10.14,70.30%
2020/5/23,5,,,,5,0.69,9.14,60.95%
2020/5/24,5,,,,5,0.69,9.14,65.98%
2020/5/25,1,,,,1,0.62,8.14,58.16%
2020/5/26,3,,,,3,0.56,7.43,57.14%
2020/5/27,5,,,,5,0.42,5.57,39.39%
2020/5/28,8,,,,8,0.37,4.86,42.50%
2020/5/29,10,,,,10,0.40,5.29,52.11%
2020/5/30,4,,,,4,0.39,5.14,56.25%
2020/5/31,6,,,,6,0.40,5.29,57.81%
2020/6/1,1,,,,1,0.40,5.29,64.91%
2020/6/2,3,,,,3,0.40,5.29,71.15%
2020/6/3,2,,,,2,0.37,4.86,87.18%
2020/6/4,6,,,,6,0.35,4.57,94.12%
2020/6/5,6,,,,6,0.30,4.00,75.68%
2020/6/6,5,,,,5,0.31,4.14,80.56%
2020/6/7,5,,,,5,0.30,4.00,75.68%
2020/6/8,0,,,,0,0.29,3.86,72.97%
2020/6/9,1,,,,1,0.27,3.57,67.57%
2020/6/10,0,,,,0,0.25,3.29,67.65%
2020/6/11,1,,,,1,0.20,2.57,56.25%
2020/6/12,3,,,,3,0.16,2.14,53.57%
2020/6/13,6,,,,6,0.17,2.29,55.17%
2020/6/14,0,,,,0,0.12,1.57,39.29%
2020/6/15,3,,,,3,0.15,2.00,51.85%
2020/6/16,2,,,,2,0.16,2.14,60.00%
2020/6/17,7,,,,7,0.24,3.14,95.65%
2020/6/18,6,,,,6,0.29,3.86,150.00%
2020/6/19,2,,,,2,0.28,3.71,173.33%
2020/6/20,5,,,,5,0.27,3.57,156.25%
2020/6/21,0,,,,0,0.27,3.57,227.27%
2020/6/22,0,,,,0,0.24,3.14,157.14%
2020/6/23,1,,,,1,0.23,3.00,140.00%
2020/6/24,4,,,,4,0.20,2.57,81.82%
2020/6/25,6,,,,6,0.20,2.57,66.67%
2020/6/26,7,,,,7,0.25,3.29,88.46%
2020/6/27,4,,,,4,0.24,3.14,88.00%
2020/6/28,9,,,,9,0.34,4.43,124.00%
2020/6/29,7,,,,7,0.41,5.43,172.73%
2020/6/30,31,,,,31,0.74,9.71,323.81%
2020/7/1,6,,,,6,0.76,10.00,388.89%
2020/7/2,13,,,,13,0.84,11.00,427.78%
2020/7/3,24,,,,24,1.02,13.43,408.70%
2020/7/4,20,,,,20,1.19,15.71,500.00%
2020/7/5,20,,,,20,1.31,17.29,390.32%
2020/7/6,11,,,,11,1.36,17.86,328.95%
2020/7/7,9,,,,9,1.12,14.71,151.47%
2020/7/8,23,,,,23,1.30,17.14,171.43%
2020/7/9,25,,,,25,1.43,18.86,171.43%
2020/7/10,32,,,,32,1.52,20.00,148.94%
2020/7/11,34,,,,34,1.67,22.00,140.00%
2020/7/12,24,,,,24,1.71,22.57,130.58%
2020/7/13,16,,,,16,1.77,23.29,130.40%
2020/7/14,26,,,,26,1.95,25.71,174.76%
2020/7/15,43,,,,43,2.17,28.57,166.67%
2020/7/16,48,,,,48,2.42,31.86,168.94%
2020/7/17,43,,,,43,2.54,33.43,167.14%
2020/7/18,49,,,,49,2.70,35.57,161.69%
2020/7/19,30,,,,30,2.77,36.43,161.39%
2020/7/20,11,,,,11,2.71,35.71,153.37%
2020/7/21,30,,,,30,2.76,36.29,141.11%
2020/7/22,68,,,,68,3.03,39.86,139.50%
2020/7/23,53,,,,53,3.08,40.57,127.35%
2020/7/24,28,,,,28,2.92,38.43,114.96%
2020/7/25,18,,,,18,2.58,34.00,95.58%
2020/7/26,33,,,,33,2.61,34.43,94.51%
2020/7/27,14,,,,14,2.65,34.86,97.60%
2020/7/28,33,,,,33,2.68,35.29,97.24%
2020/7/29,70,,,,70,2.70,35.57,89.25%
2020/7/30,76,,,,76,2.95,38.86,95.77%
2020/7/31,53,,,,53,3.22,42.43,110.41%
2020/8/1,58,,,,58,3.66,48.14,141.60%
2020/8/2,72,,,,72,4.08,53.71,156.02%
2020/8/3,48,,,,48,4.45,58.57,168.03%
2020/8/4,89,,,,89,5.05,66.57,188.66%
2020/8/5,81,,,,81,5.17,68.14,191.57%
2020/8/6,118,,,,118,5.63,74.14,190.81%
2020/8/7,107,,,,107,6.22,81.86,192.93%
2020/8/8,128,,,,128,6.97,91.86,190.80%
2020/8/9,81,,,,81,7.07,93.14,173.40%
2020/8/10,37,,,,37,6.95,91.57,156.34%
2020/8/11,27,,,,27,6.28,82.71,124.25%
2020/8/12,66,,,,66,6.12,80.57,118.24%
2020/8/13,123,,,,123,6.17,81.29,109.63%
2020/8/14,117,,,,117,6.28,82.71,101.05%
2020/8/15,136,,,,136,6.37,83.86,91.29%
2020/8/16,79,,,,79,6.35,83.57,89.72%
2020/8/17,51,,,,51,6.50,85.57,93.45%
2020/8/18,84,,,,84,7.12,93.71,113.30%
2020/8/19,95,,,,95,7.43,97.86,121.45%
2020/8/20,104,,,,104,7.22,95.14,117.05%
2020/8/21,82,,,,82,6.84,90.14,108.98%
2020/8/22,101,,,,101,6.46,85.14,101.53%
2020/8/23,49,,,,49,6.14,80.86,96.75%
2020/8/24,39,,,,39,6.01,79.14,92.49%
2020/8/25,56,,,,56,5.71,75.14,80.18%
2020/8/26,85,,,,85,5.60,73.71,75.33%
2020/8/27,66,,,,66,5.18,68.29,71.77%
2020/8/28,75,,,,75,5.11,67.29,74.64%
2020/8/29,106,,,,106,5.16,68.00,79.87%
2020/8/30,64,,,,64,5.33,70.14,86.75%
2020/8/31,50,,,,50,5.45,71.71,90.61%
2020/9/1,59,,,,59,5.48,72.14,96.01%
2020/9/2,76,,,,76,5.38,70.86,96.12%
2020/9/3,81,,,,81,5.54,73.00,106.90%
2020/9/4,108,,,,108,5.90,77.71,115.50%
2020/9/5,67,,,,67,5.48,72.14,106.09%
2020/9/6,79,,,,79,5.64,74.29,105.91%
2020/9/7,29,,,,29,5.41,71.29,99.40%
2020/9/8,63,,,,63,5.46,71.86,99.60%
2020/9/9,106,,,,106,5.78,76.14,107.46%
2020/9/10,112,,,,112,6.12,80.57,110.37%
2020/9/11,82,,,,82,5.84,76.86,98.90%
2020/9/12,68,,,,68,5.85,77.00,106.73%
2020/9/13,53,,,,53,5.56,73.29,98.65%
2020/9/14,15,,,,15,5.41,71.29,100.00%
2020/9/15,52,,,,52,5.29,69.71,97.02%
2020/9/16,101,,,,101,5.24,69.00,90.62%
2020/9/17,65,,,,65,4.73,62.29,77.30%
2020/9/18,78,,,,78,4.69,61.71,80.30%
2020/9/19,68,,,,68,4.69,61.71,80.15%
2020/9/20,60,,,,60,4.76,62.71,85.58%
2020/9/21,20,,,,20,4.82,63.43,88.98%
2020/9/22,38,,,,38,4.66,61.43,88.11%
2020/9/23,11,,,,11,3.69,48.57,70.39%
2020/9/24,58,,,,58,3.61,47.57,76.38%
2020/9/25,78,,,,78,3.61,47.57,77.08%
2020/9/26,90,,,,90,3.85,50.71,82.18%
2020/9/27,65,,,,65,3.90,51.43,82.00%
2020/9/28,17,,,,17,3.87,51.00,80.41%
2020/9/29,58,,,,58,4.09,53.86,87.67%
2020/9/30,79,,,,79,4.83,63.57,130.88%
2020/10/1,78,,,,78,5.04,66.43,139.64%
2020/10/2,66,,,,66,4.91,64.71,136.04%
2020/10/3,59,,,,59,4.58,60.29,118.87%
2020/10/4,37,,,,37,4.27,56.29,109.44%
2020/10/5,11,,,,11,4.21,55.43,108.68%
2020/10/6,65,,,,65,4.28,56.43,104.77%
2020/10/7,54,,,,54,4.01,52.86,83.15%
2020/10/8,65,,,,65,3.87,51.00,76.77%
2020/10/9,77,,,,77,3.99,52.57,81.24%
2020/10/10,63,,,,63,4.04,53.14,88.15%
2020/10/11,37,,,,37,4.04,53.14,94.42%
2020/10/12,29,,,,29,4.23,55.71,100.52%
2020/10/13,54,,,,54,4.11,54.14,95.95%
2020/10/14,88,,,,88,4.48,59.00,111.62%
2020/10/15,79,,,,79,4.63,61.00,119.61%
2020/10/16,85,,,,85,4.72,62.14,118.21%
2020/10/17,50,,,,50,4.58,60.29,113.44%
2020/10/18,49,,,,49,4.71,62.00,116.67%
2020/10/19,23,,,,23,4.64,61.14,109.74%
2020/10/20,47,,,,47,4.57,60.14,111.08%
2020/10/21,88,,,,88,4.57,60.14,101.94%
2020/10/22,55,,,,55,4.31,56.71,92.97%
2020/10/23,90,,,,90,4.36,57.43,92.41%
2020/10/24,60,,,,60,4.47,58.86,97.63%
2020/10/25,60,,,,60,4.59,60.43,97.47%
2020/10/26,22,,,,22,4.58,60.29,98.60%
2020/10/27,64,,,,64,4.76,62.71,104.28%
2020/10/28,64,,,,64,4.50,59.29,98.57%
2020/10/29,71,,,,71,4.68,61.57,108.56%
2020/10/30,60,,,,60,4.35,57.29,99.75%
2020/10/31,65,,,,65,4.40,58.00,98.54%
2020/11/1,65,,,,65,4.46,58.71,97.16%
2020/11/2,22,,,,22,4.46,58.71,97.39%
2020/11/3,68,,,,68,4.50,59.29,94.53%
2020/11/4,44,,,,44,4.28,56.43,95.18%
2020/11/5,109,,,,109,4.70,61.86,100.46%
2020/11/6,104,,,,104,5.17,68.14,118.95%
2020/11/7,137,,,,137,5.96,78.43,135.22%
2020/11/8,77,,,,77,6.09,80.14,136.50%
2020/11/9,36,,,,36,6.24,82.14,139.90%
2020/11/10,98,,,,98,6.56,86.43,145.78%
2020/11/11,130,,,,130,7.50,98.71,174.94%
2020/11/12,147,,,,147,7.91,104.14,168.36%
2020/11/13,146,,,,146,8.36,110.14,161.64%
2020/11/14,147,,,,147,8.47,111.57,142.26%
2020/11/15,114,,,,114,8.87,116.86,145.81%
2020/11/16,61,,,,61,9.14,120.43,146.61%
2020/11/17,133,,,,133,9.52,125.43,145.12%
2020/11/18,226,,,,226,10.57,139.14,140.96%
2020/11/19,205,,,,205,11.19,147.43,141.56%
2020/11/20,208,,,,208,11.87,156.29,141.89%
2020/11/21,192,,,,192,12.35,162.71,145.84%
2020/11/22,162,,,,162,12.88,169.57,145.11%
2020/11/23,70,,,,70,12.97,170.86,141.87%
2020/11/24,67,,,,67,12.26,161.43,128.70%
2020/11/25,159,,,,159,11.53,151.86,109.14%
2020/11/26,252,,,,252,12.04,158.57,107.56%
2020/11/27,219,,,,219,12.16,160.14,102.47%
2020/11/28,214,,,,214,12.40,163.29,100.35%
2020/11/29,149,,,,149,12.26,161.43,95.20%
2020/11/30,83,,,,83,12.40,163.29,95.57%
2020/12/1,158,,,,158,13.39,176.29,109.20%
2020/12/2,214,,,,214,13.98,184.14,121.26%
2020/12/3,197,,,,197,13.39,176.29,111.17%
2020/12/4,188,,,,188,13.05,171.86,107.31%
2020/12/5,191,,,,191,12.80,168.57,103.24%
2020/12/6,134,,,,134,12.64,166.43,103.10%
2020/12/7,65,,,,65,12.44,163.86,100.35%
2020/12/8,152,,,,152,12.38,163.00,92.46%
2020/12/9,245,,,,245,12.71,167.43,90.92%
2020/12/10,213,,,,213,12.89,169.71,96.27%
2020/12/11,285,,,,285,13.94,183.57,106.82%
2020/12/12,223,,,,223,14.29,188.14,111.61%
2020/12/13,231,,,,231,15.34,202.00,121.37%
2020/12/14,121,,,,121,15.95,210.00,128.16%
2020/12/15,226,,,,226,16.75,220.57,135.32%
2020/12/16,287,,,,287,17.20,226.57,135.32%
2020/12/17,319,,,,319,18.35,241.71,142.42%
2020/12/18,295,,,,295,18.46,243.14,132.45%
2020/12/19,314,,,,314,19.45,256.14,136.14%
2020/12/20,238,,,,238,19.52,257.14,127.30%
2020/12/21,188,,,,188,20.25,266.71,127.01%
2020/12/22,348,,,,348,21.58,284.14,128.82%
2020/12/23,346,,,,346,22.21,292.57,129.13%
2020/12/24,494,,,,494,24.11,317.57,131.38%
2020/12/25,466,,,,466,25.97,342.00,140.66%
2020/12/26,479,,,,479,27.76,365.57,142.72%
2020/12/27,343,,,,343,28.90,380.57,148.00%
2020/12/28,334,,,,334,30.48,401.43,150.51%
2020/12/29,394,,,,394,30.98,408.00,143.59%
2020/12/30,432,,,,432,31.91,420.29,143.65%
2020/12/31,587,,,,587,32.92,433.57,136.53%
2021/1/1,470,,,,470,32.96,434.14,126.94%
2021/1/2,380,,,,380,31.89,420.00,114.89%
2021/1/3,365,,,,365,32.13,423.14,111.19%
2021/1/4,412,,,,412,32.98,434.29,108.19%
2021/1/5,622,,,,622,35.45,466.86,114.43%
2021/1/6,591,,,,591,37.17,489.57,116.49%
2021/1/7,679,,,,679,38.17,502.71,115.95%
2021/1/8,838,,,,838,42.16,555.29,127.90%
2021/1/9,995,,,,995,48.83,643.14,153.13%
2021/1/10,727,,,,727,52.76,694.86,164.21%
2021/1/11,694,,,,694,55.82,735.14,169.28%
2021/1/12,905,,,,905,58.89,775.57,166.13%
2021/1/13,767,,,,767,60.80,800.71,163.55%
2021/1/14,984,,,,984,64.11,844.29,167.95%
2021/1/15,871,,,,871,64.46,849.00,152.89%
2021/1/16,829,,,,829,62.66,825.29,128.32%
2021/1/17,794,,,,794,63.39,834.86,120.15%
2021/1/18,957,,,,957,66.24,872.43,118.67%
2021/1/19,737,,,,737,64.42,848.43,109.39%
2021/1/20,716,,,,716,63.87,841.14,105.05%
2021/1/21,731,,,,731,61.12,805.00,95.35%
2021/1/22,627,,,,627,58.48,770.14,90.71%
2021/1/23,521,,,,521,55.14,726.14,87.99%
2021/1/24,553,,,,553,52.52,691.71,82.85%
2021/1/25,351,,,,351,45.95,605.14,69.36%
2021/1/26,394,,,,394,42.23,556.14,65.55%
2021/1/27,386,,,,386,38.65,509.00,60.51%
2021/1/28,433,,,,433,35.42,466.43,57.94%
2021/1/29,385,,,,385,32.79,431.86,56.07%
2021/1/30,397,,,,397,31.45,414.14,57.03%
2021/1/31,390,,,,390,29.68,390.86,56.51%
2021/2/1,221,,,,221,28.27,372.29,61.52%
2021/2/2,187,,,,187,26.02,342.71,61.62%
2021/2/3,234,,,,234,24.37,321.00,63.06%
2021/2/4,224,,,,224,22.11,291.14,62.42%
2021/2/5,288,,,,288,21.05,277.29,64.21%
2021/2/6,201,,,,201,18.93,249.29,60.19%
2021/2/7,164,,,,164,16.48,217.00,55.52%
2021/2/8,121,,,,121,15.39,202.71,54.45%
2021/2/9,141,,,,141,14.89,196.14,57.23%
2021/2/10,176,,,,176,14.26,187.86,58.52%
2021/2/11,178,,,,178,13.77,181.29,62.27%
2021/2/12,154,,,,154,12.31,162.14,58.48%
2021/2/13,105,,,,105,11.27,148.43,59.54%
2021/2/14,108,,,,108,10.66,140.43,64.71%
2021/2/15,71,,,,71,10.12,133.29,65.75%
2021/2/16,133,,,,133,10.03,132.14,67.37%
2021/2/17,115,,,,115,9.37,123.43,65.70%
2021/2/18,142,,,,142,8.98,118.29,65.25%
2021/2/19,129,,,,129,8.71,114.71,70.75%
2021/2/20,131,,,,131,8.99,118.43,79.79%
2021/2/21,100,,,,100,8.91,117.29,83.52%
2021/2/22,96,,,,96,9.18,120.86,90.68%
2021/2/23,97,,,,97,8.79,115.71,87.57%
2021/2/24,93,,,,93,8.55,112.57,91.20%
2021/2/25,119,,,,119,8.30,109.29,92.39%
2021/2/26,116,,,,116,8.16,107.43,93.65%
2021/2/27,162,,,,162,8.49,111.86,94.45%
2021/2/28,131,,,,131,8.83,116.29,99.15%
2021/3/1,52,,,,52,8.35,110.00,91.02%
2021/3/2,84,,,,84,8.21,108.14,93.46%
2021/3/3,138,,,,138,8.70,114.57,101.78%
2021/3/4,138,,,,138,8.91,117.29,107.32%
2021/3/5,131,,,,131,9.07,119.43,111.17%
2021/3/6,113,,,,113,8.54,112.43,100.51%
2021/3/7,119,,,,119,8.41,110.71,95.21%
2021/3/8,59,,,,59,8.48,111.71,101.56%
2021/3/9,100,,,,100,8.66,114.00,105.42%
2021/3/10,124,,,,124,8.50,112.00,97.76%
2021/3/11,124,,,,124,8.35,110.00,93.79%
2021/3/12,107,,,,107,8.09,106.57,89.23%
2021/3/13,95,,,,95,7.90,104.00,92.50%
2021/3/14,109,,,,109,7.79,102.57,92.65%
2021/3/15,55,,,,55,7.74,102.00,91.30%
2021/3/16,91,,,,91,7.65,100.71,88.35%
2021/3/17,93,,,,93,7.31,96.29,85.97%
2021/3/18,159,,,,159,7.69,101.29,92.08%
2021/3/19,111,,,,111,7.73,101.86,95.58%
2021/3/20,107,,,,107,7.86,103.57,99.59%
2021/3/21,77,,,,77,7.52,99.00,96.52%
2021/3/22,56,,,,56,7.53,99.14,97.20%
2021/3/23,72,,,,72,7.32,96.43,95.74%
2021/3/24,128,,,,128,7.70,101.43,105.34%
2021/3/25,121,,,,121,7.29,96.00,94.78%
2021/3/26,117,,,,117,7.35,96.86,95.09%
2021/3/27,102,,,,102,7.30,96.14,92.83%
2021/3/28,64,,,,64,7.16,94.29,95.24%
2021/3/29,93,,,,93,7.56,99.57,100.43%
2021/3/30,96,,,,96,7.82,103.00,106.81%
2021/3/31,136,,,,136,7.91,104.14,102.68%
2021/4/1,133,,,,133,8.04,105.86,110.27%
2021/4/2,133,,,,133,8.21,108.14,111.65%
2021/4/3,129,,,,129,8.50,112.00,116.49%
2021/4/4,142,,,,142,9.35,123.14,130.61%
2021/4/5,68,,,,68,9.08,119.57,120.09%
2021/4/6,100,,,,100,9.12,120.14,116.64%
2021/4/7,118,,,,118,8.93,117.57,112.89%
2021/4/8,175,,,,175,9.38,123.57,116.73%
2021/4/9,168,,,,168,9.76,128.57,118.89%
2021/4/10,180,,,,180,10.32,135.86,121.30%
2021/4/11,132,,,,132,10.21,134.43,109.16%
2021/4/12,94,,,,94,10.49,138.14,115.53%
2021/4/13,114,,,,114,10.64,140.14,116.65%
2021/4/14,205,,,,205,11.58,152.57,129.77%
2021/4/15,242,,,,242,12.31,162.14,131.21%
2021/4/16,209,,,,209,12.76,168.00,130.67%
2021/4/17,247,,,,247,13.48,177.57,130.70%
2021/4/18,220,,,,220,14.44,190.14,141.45%
2021/4/19,142,,,,142,14.96,197.00,142.61%
2021/4/20,157,,,,157,15.42,203.14,144.95%
2021/4/21,252,,,,252,15.93,209.86,137.55%
2021/4/22,318,,,,318,16.76,220.71,136.12%
2021/4/23,226,,,,226,16.94,223.14,132.82%
2021/4/24,216,,,,216,16.61,218.71,123.17%
2021/4/25,221,,,,221,16.62,218.86,115.10%
2021/4/26,160,,,,160,16.81,221.43,112.40%
2021/4/27,212,,,,212,17.41,229.29,112.87%
2021/4/28,257,,,,257,17.46,230.00,109.60%
2021/4/29,255,,,,255,16.78,221.00,100.13%
2021/4/30,240,,,,240,16.93,223.00,99.94%
2021/5/1,275,,,,275,17.57,231.43,105.81%
2021/5/2,247,,,,247,17.85,235.14,107.44%
2021/5/3,222,,,,222,18.53,244.00,110.19%
2021/5/4,214,,,,214,18.55,244.29,106.54%
2021/5/5,151,,,,151,17.40,229.14,99.63%
2021/5/6,224,,,,224,17.06,224.71,101.68%
2021/5/7,229,,,,229,16.94,223.14,100.06%
2021/5/8,303,,,,303,17.25,227.14,98.15%
2021/5/9,338,,,,338,18.23,240.14,102.13%
2021/5/10,237,,,,237,18.40,242.29,99.30%
2021/5/11,277,,,,277,19.08,251.29,102.87%
2021/5/12,319,,,,319,20.90,275.29,120.14%
2021/5/13,337,,,,337,22.13,291.43,129.69%
2021/5/14,339,,,,339,23.32,307.14,137.64%
2021/5/15,328,,,,328,23.59,310.71,136.79%
2021/5/16,296,,,,296,23.14,304.71,126.89%
2021/5/17,199,,,,199,22.72,299.29,123.53%
2021/5/18,248,,,,248,22.41,295.14,117.45%
2021/5/19,269,,,,269,21.87,288.00,104.62%
2021/5/20,308,,,,308,21.55,283.86,97.40%
2021/5/21,327,,,,327,21.42,282.14,91.86%
2021/5/22,268,,,,268,20.77,273.57,88.05%
2021/5/23,266,,,,266,20.45,269.29,88.37%
2021/5/24,218,,,,218,20.65,272.00,90.88%
2021/5/25,200,,,,200,20.13,265.14,89.84%
2021/5/26,225,,,,225,19.66,258.86,89.88%
2021/5/27,227,,,,227,18.78,247.29,87.12%
2021/5/28,260,,,,260,18.05,237.71,84.25%
2021/5/29,258,,,,258,17.94,236.29,86.37%
2021/5/30,233,,,,233,17.58,231.57,85.99%
2021/5/31,139,,,,139,16.73,220.29,80.99%
2021/6/1,159,,,,159,16.28,214.43,80.87%
2021/6/2,218,,,,218,16.21,213.43,82.45%
2021/6/3,215,,,,215,16.08,211.71,85.62%
2021/6/4,234,,,,234,15.79,208.00,87.50%
2021/6/5,224,,,,224,15.42,203.14,85.97%
2021/6/6,249,,,,249,15.60,205.43,88.71%
2021/6/7,173,,,,173,15.97,210.29,95.46%
2021/6/8,179,,,,179,16.18,213.14,99.40%
2021/6/9,201,,,,201,16.00,210.71,98.73%
2021/6/10,189,,,,189,15.72,207.00,97.77%
2021/6/11,220,,,,220,15.57,205.00,98.56%
2021/6/12,247,,,,247,15.82,208.29,102.53%
2021/6/13,170,,,,170,14.96,197.00,95.90%
2021/6/14,141,,,,141,14.61,192.43,91.51%
2021/6/15,160,,,,160,14.41,189.71,89.01%
2021/6/16,210,,,,210,14.50,191.00,90.64%
2021/6/17,184,,,,184,14.45,190.29,91.93%
2021/6/18,231,,,,231,14.57,191.86,93.59%
2021/6/19,181,,,,181,13.85,182.43,87.59%
2021/6/20,162,,,,162,13.77,181.29,92.02%
2021/6/21,135,,,,135,13.70,180.43,93.76%
2021/6/22,163,,,,163,13.73,180.86,95.33%
2021/6/23,201,,,,201,13.63,179.57,94.02%
2021/6/24,192,,,,192,13.72,180.71,94.97%
2021/6/25,221,,,,221,13.61,179.29,93.45%
2021/6/26,231,,,,231,14.16,186.43,102.19%
2021/6/27,203,,,,203,14.60,192.29,106.07%
2021/6/28,192,,,,192,15.22,200.43,111.08%
2021/6/29,181,,,,181,15.41,203.00,112.24%
2021/6/30,209,,,,209,15.50,204.14,113.68%
2021/7/1,211,,,,211,15.71,206.86,114.47%
2021/7/2,230,,,,230,15.80,208.14,116.10%
2021/7/3,254,,,,254,16.05,211.43,113.41%
2021/7/4,226,,,,226,16.30,214.71,111.66%
2021/7/5,180,,,,180,16.17,213.00,106.27%
2021/7/6,198,,,,198,16.36,215.43,106.12%
2021/7/7,250,,,,250,16.80,221.29,108.40%
2021/7/8,322,,,,322,18.01,237.14,114.64%
2021/7/9,355,,,,355,19.36,255.00,122.51%
2021/7/10,310,,,,310,19.97,263.00,124.39%
2021/7/11,389,,,,389,21.74,286.29,133.33%
2021/7/12,280,,,,280,22.82,300.57,141.11%
2021/7/13,308,,,,308,24.02,316.29,146.82%
2021/7/14,361,,,,361,25.22,332.14,150.10%
2021/7/15,403,,,,403,26.10,343.71,144.94%
2021/7/16,446,,,,446,27.09,356.71,139.89%
2021/7/17,539,,,,539,29.57,389.43,148.07%
2021/7/18,460,,,,460,30.34,399.57,139.57%
2021/7/19,412,,,,412,31.77,418.43,139.21%
2021/7/20,433,,,,433,33.13,436.29,137.94%
2021/7/21,521,,,,521,34.86,459.14,138.24%
2021/7/22,630,,,,630,37.33,491.57,143.02%
2021/7/23,652,,,,652,39.56,521.00,146.06%
2021/7/24,547,,,,547,39.65,522.14,134.08%
2021/7/25,531,,,,531,40.42,532.29,133.21%
2021/7/26,539,,,,539,41.79,550.43,131.55%
2021/7/27,758,,,,758,45.32,596.86,136.80%
2021/7/28,1051,,,,1051,51.07,672.57,146.48%
2021/7/29,1164,,,,1164,56.86,748.86,152.34%
2021/7/30,1418,,,,1418,65.17,858.29,164.74%
2021/7/31,1580,,,,1580,76.37,1005.86,192.64%
2021/8/1,1257,,,,1257,84.25,1109.57,208.45%
2021/8/2,1686,,,,1686,96.69,1273.43,231.35%
2021/8/3,1298,,,,1298,102.55,1350.57,226.28%
2021/8/4,1484,,,,1484,107.25,1412.43,210.00%
2021/8/5,1844,,,,1844,114.62,1509.57,201.58%
2021/8/6,2082,,,,2082,121.82,1604.43,186.93%
2021/8/7,1893,,,,1893,125.22,1649.14,163.95%
2021/8/8,1860,,,,1860,131.76,1735.29,156.39%
2021/8/9,2166,,,,2166,136.97,1803.86,141.65%
2021/8/10,1572,,,,1572,139.94,1843.00,136.46%
2021/8/11,1561,,,,1561,140.77,1854.00,131.26%
2021/8/12,1807,,,,1807,140.37,1848.71,122.47%
2021/8/13,2281,,,,2281,142.53,1877.14,117.00%
2021/8/14,2356,,,,2356,147.55,1943.29,117.84%
2021/8/15,2079,,,,2079,149.93,1974.57,113.79%
2021/8/16,2584,,,,2584,154.46,2034.29,112.77%
2021/8/17,2017,,,,2017,159.29,2097.86,113.83%
2021/8/18,2021,,,,2021,164.28,2163.57,116.70%
2021/8/19,2340,,,,2340,170.06,2239.71,121.15%
2021/8/20,2878,,,,2878,176.54,2325.00,123.86%
2021/8/21,2705,,,,2705,180.32,2374.86,122.21%
2021/8/22,2524,,,,2524,185.15,2438.43,123.49%
2021/8/23,2579,,,,2579,185.10,2437.71,119.83%
2021/8/24,1946,,,,1946,184.33,2427.57,115.72%
2021/8/25,2304,,,,2304,187.40,2468.00,114.07%
2021/8/26,2632,,,,2632,190.56,2509.71,112.06%
2021/8/27,2662,,,,2662,188.22,2478.86,106.62%
2021/8/28,2377,,,,2377,184.66,2432.00,102.41%
2021/8/29,2362,,,,2362,182.90,2408.86,98.79%
2021/8/30,1719,,,,1719,173.58,2286.00,93.78%
2021/8/31,1541,,,,1541,169.18,2228.14,91.78%
2021/9/1,1921,,,,1921,165.03,2173.43,88.06%
2021/9/2,1738,,,,1738,155.33,2045.71,81.51%
2021/9/3,1868,,,,1868,146.72,1932.29,77.95%
2021/9/4,1632,,,,1632,138.64,1825.86,75.08%
2021/9/5,1242,,,,1242,126.49,1665.86,69.16%
2021/9/6,971,,,,971,118.38,1559.00,68.20%
2021/9/7,738,,,,738,109.66,1444.29,64.82%
2021/9/8,1099,,,,1099,100.75,1326.86,61.05%
2021/9/9,803,,,,803,90.61,1193.29,58.33%
2021/9/10,829,,,,829,79.34,1044.86,54.07%
2021/9/11,861,,,,861,70.97,934.71,51.19%
2021/9/12,669,,,,669,64.76,852.86,51.20%
2021/9/13,529,,,,529,59.96,789.71,50.66%
2021/9/14,485,,,,485,57.22,753.57,52.18%
2021/9/15,488,,,,488,50.59,666.29,50.22%
2021/9/16,534,,,,534,47.67,627.86,52.62%
2021/9/17,547,,,,547,44.61,587.57,56.23%
2021/9/18,452,,,,452,40.18,529.14,56.61%
2021/9/19,394,,,,394,37.19,489.86,57.44%
2021/9/20,257,,,,257,34.24,451.00,57.11%
2021/9/21,188,,,,188,31.02,408.57,54.22%
2021/9/22,173,,,,173,27.61,363.57,54.57%
2021/9/23,259,,,,259,24.62,324.29,51.65%
2021/9/24,251,,,,251,21.41,282.00,47.99%
2021/9/25,193,,,,193,18.60,245.00,46.30%
2021/9/26,193,,,,193,16.42,216.29,44.15%
2021/9/27,123,,,,123,14.97,197.14,43.71%
2021/9/28,128,,,,128,14.32,188.57,46.15%
2021/9/29,130,,,,130,13.85,182.43,50.18%
2021/9/30,129,,,,129,12.44,163.86,50.53%
2021/10/1,115,,,,115,10.97,144.43,51.22%
2021/10/2,82,,,,82,9.76,128.57,52.48%
2021/10/3,86,,,,86,8.60,113.29,52.38%
2021/10/4,51,,,,51,7.82,103.00,52.25%
2021/10/5,77,,,,77,7.27,95.71,50.76%
2021/10/6,86,,,,86,6.79,89.43,49.02%
2021/10/7,102,,,,102,6.50,85.57,52.22%
2021/10/8,65,,,,65,5.96,78.43,54.30%
2021/10/9,81,,,,81,5.94,78.29,60.89%
2021/10/10,54,,,,54,5.60,73.71,65.07%
2021/10/11,49,,,,49,5.58,73.43,71.29%
2021/10/12,46,,,,46,5.24,69.00,72.09%
2021/10/13,50,,,,50,4.85,63.86,71.41%
2021/10/14,52,,,,52,4.31,56.71,66.28%
2021/10/15,33,,,,33,3.96,52.14,66.48%
2021/10/16,35,,,,35,3.46,45.57,58.21%
2021/10/17,37,,,,37,3.28,43.14,58.53%
2021/10/18,23,,,,23,2.99,39.43,53.70%
2021/10/19,10,,,,10,2.60,34.29,49.69%
2021/10/20,16,,,,16,2.23,29.43,46.09%
2021/10/21,39,,,,39,2.09,27.57,48.61%
2021/10/22,24,,,,24,2.00,26.29,50.41%
2021/10/23,9,,,,9,1.71,22.57,49.53%
2021/10/24,11,,,,11,1.43,18.86,43.71%
2021/10/25,7,,,,7,1.26,16.57,42.03%
2021/10/26,13,,,,13,1.29,17.00,49.58%
2021/10/27,15,,,,15,1.28,16.86,57.28%
2021/10/28,16,,,,16,1.03,13.57,49.22%
2021/10/29,8,,,,8,0.86,11.29,42.93%
2021/10/30,7,,,,7,0.84,11.00,48.73%
2021/10/31,9,,,,9,0.81,10.71,56.82%
2021/11/1,6,,,,6,0.80,10.57,63.79%
2021/11/2,10,,,,10,0.77,10.14,59.66%
2021/11/3,6,,,,6,0.67,8.86,52.54%
2021/11/4,22,,,,22,0.74,9.71,71.58%
2021/11/5,9,,,,9,0.75,9.86,87.34%
2021/11/6,14,,,,14,0.82,10.86,98.70%
2021/11/7,9,,,,9,0.82,10.86,101.33%
2021/11/8,11,,,,11,0.88,11.57,109.46%
2021/11/9,12,,,,12,0.90,11.86,116.90%
2021/11/10,13,,,,13,0.98,12.86,145.16%
2021/11/11,14,,,,14,0.89,11.71,120.59%
2021/11/12,19,,,,19,1.00,13.14,133.33%
2021/11/13,15,,,,15,1.01,13.29,122.37%
2021/11/14,12,,,,12,1.04,13.71,126.32%
2021/11/15,18,,,,18,1.12,14.71,127.16%
2021/11/16,9,,,,9,1.08,14.29,120.48%
2021/11/17,18,,,,18,1.14,15.00,116.67%
2021/11/18,21,,,,21,1.21,16.00,136.59%
2021/11/19,27,,,,27,1.30,17.14,130.43%
2021/11/20,8,,,,8,1.23,16.14,121.51%
2021/11/21,18,,,,18,1.29,17.00,123.96%
2021/11/22,10,,,,10,1.20,15.86,107.77%
2021/11/23,9,,,,9,1.20,15.86,111.00%
2021/11/24,11,,,,11,1.13,14.86,99.05%
2021/11/25,5,,,,5,0.95,12.57,78.57%
2021/11/26,10,,,,10,0.77,10.14,59.17%
2021/11/27,11,,,,11,0.80,10.57,65.49%
2021/11/28,7,,,,7,0.68,9.00,52.94%
2021/11/29,13,,,,13,0.72,9.43,59.46%
2021/11/30,9,,,,9,0.72,9.43,59.46%
2021/12/1,12,,,,12,0.73,9.57,64.42%
2021/12/2,10,,,,10,0.78,10.29,81.82%
2021/12/3,11,,,,11,0.79,10.43,102.82%
2021/12/4,12,,,,12,0.80,10.57,100.00%
2021/12/5,5,,,,5,0.78,10.29,114.29%
2021/12/6,6,,,,6,0.71,9.29,98.48%
2021/12/7,9,,,,9,0.71,9.29,98.48%
2021/12/8,10,,,,10,0.68,9.00,94.03%
2021/12/9,22,,,,22,0.81,10.71,104.17%
2021/12/10,17,,,,17,0.88,11.57,110.96%
2021/12/11,16,,,,16,0.92,12.14,114.86%
2021/12/12,10,,,,10,0.98,12.86,125.00%
2021/12/13,9,,,,9,1.01,13.29,143.08%
2021/12/14,6,,,,6,0.98,12.86,138.46%
2021/12/15,16,,,,16,1.04,13.71,152.38%
2021/12/16,36,,,,36,1.19,15.71,146.67%
2021/12/17,23,,,,23,1.26,16.57,143.21%
2021/12/18,29,,,,29,1.40,18.43,151.76%
2021/12/19,22,,,,22,1.53,20.14,156.67%
2021/12/20,17,,,,17,1.62,21.29,160.22%
2021/12/21,13,,,,13,1.69,22.29,173.33%
2021/12/22,12,,,,12,1.65,21.71,158.33%
2021/12/23,37,,,,37,1.66,21.86,139.09%
2021/12/24,23,,,,23,1.66,21.86,131.90%
2021/12/25,29,,,,29,1.66,21.86,118.60%
2021/12/26,36,,,,36,1.81,23.86,118.44%
2021/12/27,26,,,,26,1.91,25.14,118.12%
2021/12/28,10,,,,10,1.88,24.71,110.90%
2021/12/29,21,,,,21,1.97,26.00,119.74%
2021/12/30,32,,,,32,1.92,25.29,115.69%
2021/12/31,19,,,,19,1.88,24.71,113.07%
2022/1/1,20,,,,20,1.78,23.43,107.19%
2022/1/2,21,,,,21,1.62,21.29,89.22%
2022/1/3,34,,,,34,1.70,22.43,89.20%
2022/1/4,55,,,,55,2.19,28.86,116.76%
2022/1/5,93,,,,93,2.97,39.14,150.55%
2022/1/6,152,,,,152,4.27,56.29,222.60%
2022/1/7,251,,,,251,6.79,89.43,361.85%
2022/1/8,351,,,,351,10.38,136.71,583.54%
2022/1/9,443,,,,443,14.96,197.00,925.50%
2022/1/10,518,,,,518,20.21,266.14,1186.62%
2022/1/11,386,,,,386,23.80,313.43,1086.14%
2022/1/12,548,,,,548,28.73,378.43,966.79%
2022/1/13,842,,,,842,36.22,477.00,847.46%
2022/1/14,1155,,,,1155,46.02,606.14,677.80%
2022/1/15,1538,,,,1538,58.90,775.71,567.40%
2022/1/16,1751,,,,1751,73.09,962.57,488.61%
2022/1/17,1858,,,,1858,87.62,1154.00,433.60%
2022/1/18,1989,,,,1989,105.01,1383.00,441.25%
2022/1/19,2287,,,,2287,123.87,1631.43,431.11%
2022/1/20,3343,,,,3343,151.00,1988.71,416.92%
2022/1/21,3409,,,,3409,175.45,2310.71,381.22%
2022/1/22,3404,,,,3404,195.69,2577.29,332.25%
2022/1/23,3792,,,,3792,217.83,2868.86,298.04%
2022/1/24,5275,,,,5275,254.90,3357.00,290.90%
2022/1/25,4128,,,,4128,278.10,3662.57,264.83%
2022/1/26,4793,,,,4793,305.28,4020.57,246.44%
2022/1/27,5939,,,,5939,333.44,4391.43,220.82%
2022/1/28,6465,,,,6465,366.59,4828.00,208.94%
2022/1/29,8690,269,,,8959,426.85,5621.57,218.12%
2022/1/30,6139,140,,,6279,453.82,5976.86,208.34%
2022/1/31,6997,399,,,7396,476.83,6279.86,187.07%
2022/2/1,7406,0,,,7406,512.39,6748.14,184.25%
2022/2/2,7576,1032,,,8608,553.77,7293.14,181.40%
2022/2/3,7073,474,,,7547,571.21,7522.86,171.31%
2022/2/4,8992,648,,,9640,605.65,7976.43,165.21%
2022/2/5,9096,394,,,9490,611.41,8052.29,143.24%
2022/2/6,8410,297,,,8707,637.75,8399.14,140.53%
2022/2/7,6558,380,,,6938,632.78,8333.71,132.71%
2022/2/8,8809,507,,,9316,653.50,8606.57,127.54%
2022/2/9,7251,402,,,7653,643.14,8470.14,116.14%
2022/2/10,8680,295,,,8975,658.63,8674.14,115.30%
2022/2/11,8125,317,,,8442,645.63,8503.00,106.60%
2022/2/12,8039,218,,,8257,632.26,8326.86,103.41%
2022/2/13,7938,356,,,8294,627.78,8267.86,98.44%
2022/2/14,5725,415,,,6140,619.12,8153.86,97.84%
2022/2/15,7201,318,,,7519,599.63,7897.14,91.76%
2022/2/16,7041,106,,,7147,594.14,7824.86,92.38%
2022/2/17,8024,422,,,8446,588.40,7749.29,89.34%
2022/2/18,8976,206,,,9182,596.43,7855.00,92.38%
2022/2/19,7700,245,,,7945,593.05,7810.43,93.80%
2022/2/20,6812,136,,,6948,578.45,7618.14,92.14%
2022/2/21,6305,261,,,6566,583.07,7679.00,94.18%
2022/2/22,6260,287,,,6547,572.52,7540.14,95.48%
2022/2/23,5996,199,,,6195,562.20,7404.14,94.62%
2022/2/24,6485,90,,,6575,541.90,7136.86,92.10%
2022/2/25,6723,287,,,7010,518.34,6826.57,86.91%
2022/2/26,5741,182,,,5923,496.41,6537.71,83.70%
2022/2/27,5697,215,,,5912,485.17,6389.71,83.87%
2022/2/28,6403,294,,,6697,486.59,6408.43,83.45%
2022/3/1,6102,228,,,6330,484.24,6377.43,84.58%
2022/3/2,6205,235,,,6440,486.90,6412.43,86.61%
2022/3/3,7190,271,,,7461,496.51,6539.00,91.62%
2022/3/4,6471,237,,,6708,493.23,6495.86,95.16%
2022/3/5,6198,244,,,6442,498.86,6570.00,100.49%
2022/3/6,5393,138,,,5531,494.73,6515.57,101.97%
2022/3/7,5622,368,,,5990,487.06,6414.57,100.10%
2022/3/8,4655,506,,,5161,474.38,6247.57,97.96%
2022/3/9,5748,196,,,5944,469.00,6176.71,96.32%
2022/3/10,6041,261,,,6302,456.43,6011.14,91.93%
2022/3/11,5617,275,,,5892,447.58,5894.57,90.74%
2022/3/12,4771,347,,,5118,433.21,5705.43,86.84%
2022/3/13,6104,304,,,6408,442.73,5830.71,89.49%
2022/3/14,4205,321,,,4526,426.85,5621.57,87.64%
2022/3/15,6572,389,,,6961,446.37,5878.71,94.10%
2022/3/16,4510,293,,,4803,434.00,5715.71,92.54%
2022/3/17,5264,339,,,5603,426.41,5615.86,93.42%
2022/3/18,5088,305,,,5393,421.00,5544.57,94.06%
2022/3/19,4270,137,,,4407,413.29,5443.00,95.40%
2022/3/20,4371,298,,,4669,394.42,5194.57,89.09%
2022/3/21,3856,252,,,4108,389.89,5134.86,91.34%
2022/3/22,2351,270,,,2621,342.81,4514.86,76.80%
2022/3/23,2830,243,,,3073,324.05,4267.71,74.67%
2022/3/24,3742,319,,,4061,307.32,4047.43,72.07%
2022/3/25,3772,261,,,4033,292.57,3853.14,69.49%
2022/3/26,4848,254,,,5102,300.11,3952.43,72.61%
2022/3/27,3553,226,,,3779,290.45,3825.29,73.64%
2022/3/28,3525,230,,,3755,286.63,3774.86,73.51%
2022/3/29,3300,174,,,3474,295.88,3896.71,86.31%
2022/3/30,3793,418,,,4211,308.22,4059.29,95.12%
2022/3/31,3887,205,,,4092,308.56,4063.71,100.40%
2022/4/1,3653,115,,,3768,305.68,4025.86,104.48%
2022/4/2,4806,256,,,5062,305.25,4020.14,101.71%
2022/4/3,4244,173,,,4417,312.17,4111.29,107.48%
2022/4/4,3053,249,,,3302,307.26,4046.57,107.20%
2022/4/5,3314,184,,,3498,307.52,4050.00,103.93%
2022/4/6,3956,263,,,4219,307.60,4051.14,99.80%
2022/4/7,3817,161,,,3978,306.37,4034.86,99.29%
2022/4/8,3706,204,,,3910,307.91,4055.14,100.73%
2022/4/9,3791,322,,,4113,297.61,3919.57,97.50%
2022/4/10,4098,99,,,4197,295.23,3888.14,94.57%
2022/4/11,3781,329,,,4110,303.99,4003.57,98.94%
2022/4/12,4117,234,,,4351,313.24,4125.43,101.86%
2022/4/13,4516,237,,,4753,319.04,4201.71,103.72%
2022/4/14,3737,169,,,3906,318.26,4191.43,103.88%
2022/4/15,3931,180,,,4111,320.44,4220.14,104.07%
2022/4/16,4048,179,,,4227,321.67,4236.43,108.08%
2022/4/17,3234,144,,,3378,312.79,4119.43,105.95%
2022/4/18,2609,208,,,2817,298.76,3934.71,98.28%
2022/4/19,2766,148,,,2914,283.18,3729.43,90.40%
2022/4/20,2733,142,,,2875,262.81,3461.14,82.37%
2022/4/21,2783,121,,,2904,251.94,3318.00,79.16%
2022/4/22,2834,192,,,3026,240.17,3163.00,74.95%
2022/4/23,3360,133,,,3493,232.21,3058.14,72.19%
2022/4/24,2566,165,,,2731,225.19,2965.71,71.99%
2022/4/25,2807,161,,,2968,226.83,2987.29,75.92%
2022/4/26,2450,138,,,2588,223.29,2940.71,78.85%
2022/4/27,2850,172,,,3022,224.88,2961.71,85.57%
2022/4/28,2213,123,,,2336,218.72,2880.57,86.82%
2022/4/29,2221,156,,,2377,211.68,2787.86,88.14%
2022/4/30,2575,92,,,2667,202.72,2669.86,87.30%
2022/5/1,1929,97,,,2026,195.08,2569.14,86.63%
2022/5/2,1590,111,,,1701,181.33,2388.14,79.94%
2022/5/3,1028,73,,,1101,165.20,2175.71,73.99%
2022/5/4,1780,130,,,1910,153.14,2016.86,68.10%
2022/5/5,1277,171,,,1448,143.51,1890.00,65.61%
2022/5/6,1181,93,,,1274,131.54,1732.43,62.14%
2022/5/7,1661,115,,,1776,121.88,1605.14,60.12%
2022/5/8,1987,85,,,2072,122.38,1611.71,62.73%
2022/5/9,1662,159,,,1821,123.68,1628.86,68.21%
2022/5/10,2202,24,,,2226,135.88,1789.57,82.25%
2022/5/11,2340,136,,,2476,142.02,1870.43,92.74%
2022/5/12,1841,70,,,1911,147.04,1936.57,102.46%
2022/5/13,2012,117,,,2129,156.32,2058.71,118.83%
2022/5/14,2077,45,,,2122,160.07,2108.14,131.34%
2022/5/15,1905,108,,,2013,159.43,2099.71,130.28%
2022/5/16,1640,60,,,1700,158.12,2082.43,127.85%
2022/5/17,1887,75,,,1962,155.26,2044.71,114.26%
2022/5/18,1928,59,,,1987,149.95,1974.86,105.58%
2022/5/19,1673,125,,,1798,148.73,1958.71,101.14%
2022/5/20,1858,76,,,1934,146.61,1930.86,93.79%
2022/5/21,1816,89,,,1905,144.26,1899.86,90.12%
2022/5/22,1917,60,,,1977,143.87,1894.71,90.24%
2022/5/23,1378,96,,,1474,141.41,1862.43,89.44%
2022/5/24,1919,75,,,1994,141.76,1867.00,91.31%
2022/5/25,1707,68,,,1775,139.46,1836.71,93.00%
2022/5/26,1357,54,,,1411,135.26,1781.43,90.95%
2022/5/27,1574,58,,,1632,131.99,1738.29,90.03%
2022/5/28,1468,44,,,1512,127.73,1682.14,88.54%
2022/5/29,1346,64,,,1410,121.58,1601.14,84.51%
2022/5/30,903,37,,,940,115.78,1524.86,81.87%
2022/5/31,1109,47,,,1156,106.69,1405.14,75.26%
2022/6/1,1131,52,,,1183,100.27,1320.57,71.90%
2022/6/2,824,36,,,860,94.29,1241.86,69.71%
2022/6/3,1027,32,,,1059,88.08,1160.00,66.73%
2022/6/4,1090,27,,,1117,83.79,1103.57,65.61%
2022/6/5,854,21,,,875,77.99,1027.14,64.15%
2022/6/6,746,26,,,772,76.17,1003.14,65.79%
2022/6/7,761,32,,,793,72.23,951.29,67.70%
2022/6/8,823,28,,,851,68.63,903.86,68.44%
2022/6/9,699,29,,,728,67.20,885.00,71.26%
2022/6/10,787,24,,,811,64.51,849.57,73.24%
2022/6/11,777,20,,,797,61.04,803.86,72.84%
2022/6/12,717,35,,,752,59.70,786.29,76.55%
2022/6/13,599,18,,,617,58.02,764.14,76.17%
2022/6/14,652,26,,,678,56.77,747.71,78.60%
2022/6/15,836,20,,,856,56.83,748.43,82.80%
2022/6/16,652,37,,,689,56.41,742.86,83.94%
2022/6/17,933,28,,,961,58.03,764.29,89.96%
2022/6/18,895,24,,,919,59.36,781.71,97.25%
2022/6/19,841,37,,,878,60.72,799.71,101.71%
2022/6/20,624,35,,,659,61.18,805.71,105.44%
2022/6/21,815,31,,,846,63.00,829.71,110.97%
2022/6/22,918,31,,,949,64.01,843.00,112.64%
2022/6/23,808,35,,,843,65.68,865.00,116.44%
2022/6/24,1144,27,,,1171,67.96,895.00,117.10%
2022/6/25,1111,36,,,1147,70.43,927.57,118.66%
2022/6/26,1062,28,,,1090,72.73,957.86,119.77%
2022/6/27,752,35,,,787,74.12,976.14,121.15%
2022/6/28,1091,47,,,1138,77.29,1017.86,122.68%
2022/6/29,1263,34,,,1297,81.06,1067.57,126.64%
2022/6/30,1242,44,,,1286,85.87,1130.86,130.73%
2022/7/1,1519,65,,,1584,90.35,1189.86,132.94%
2022/7/2,1748,34,,,1782,97.23,1280.57,138.06%
2022/7/3,1815,53,,,1868,105.67,1391.71,145.29%
2022/7/4,1814,57,,,1871,117.43,1546.57,158.44%
2022/7/5,1939,72,,,2011,126.90,1671.29,164.20%
2022/7/6,3036,123,,,3159,147.10,1937.29,181.47%
2022/7/7,3130,104,,,3234,168.23,2215.57,195.92%
2022/7/8,3676,116,,,3792,192.18,2531.00,212.71%
2022/7/9,4009,107,,,4116,217.50,2864.43,223.68%
2022/7/10,4303,172,,,4475,245.78,3236.86,232.58%
2022/7/11,4230,173,,,4403,273.24,3598.57,232.68%
2022/7/12,4991,269,,,5260,308.48,4062.71,243.09%
2022/7/13,6191,240,,,6431,343.97,4530.14,233.84%
2022/7/14,6155,389,,,6544,379.88,5003.00,225.81%
2022/7/15,7603,345,,,7948,424.96,5596.71,221.13%
2022/7/16,7638,453,,,8091,468.08,6164.57,215.21%
2022/7/17,8147,471,,,8618,513.02,6756.43,208.73%
2022/7/18,9445,568,,,10013,573.87,7557.86,210.02%
2022/7/19,8576,684,,,9260,617.26,8129.29,200.09%
2022/7/20,11443,655,,,12098,678.73,8938.86,197.32%
2022/7/21,9228,1300,,,10528,721.94,9508.00,190.05%
2022/7/22,10747,2937,,,13684,784.16,10327.43,184.53%
2022/7/23,13716,2195,,,15911,868.99,11444.57,185.65%
2022/7/24,12100,2599,,,14699,934.95,12313.29,182.25%
2022/7/25,12490,2335,,,14825,987.15,13000.71,172.02%
2022/7/26,11105,2138,,,13243,1030.35,13569.71,166.92%
2022/7/27,16550,3268,,,19818,1114.09,14672.57,164.14%
2022/7/28,15249,1775,,,17024,1184.55,15600.57,164.08%
2022/7/29,13234,3013,,,16247,1212.35,15966.71,154.60%
2022/7/30,15025,4220,,,19245,1248.52,16443.00,143.68%
2022/7/31,15084,2336,,,17420,1278.03,16831.71,136.70%
2022/8/1,14400,2969,,,17369,1305.63,17195.14,132.26%
2022/8/2,12549,3913,,,16462,1340.55,17655.00,130.11%
2022/8/3,15726,3642,,,19368,1335.67,17590.71,119.89%
2022/8/4,14001,4625,,,18626,1353.04,17819.57,114.22%
2022/8/5,13174,4511,,,17685,1368.64,18025.00,112.89%
2022/8/6,14096,4454,,,18550,1361.10,17925.71,109.02%
2022/8/7,12550,3925,,,16475,1350.85,17790.71,105.70%
2022/8/8,12624,2744,,,15368,1329.15,17504.86,101.80%
2022/8/9,13609,4854,,,18463,1350.85,17790.71,100.77%
2022/8/10,12961,6137,,,19098,1347.92,17752.14,100.92%
2022/8/11,12005,3249,,,15254,1311.35,17270.43,96.92%
2022/8/12,12420,4335,,,16755,1301.26,17137.57,95.08%
2022/8/13,9564,4102,,,13666,1248.28,16439.86,91.71%
2022/8/14,9700,4376,,,14076,1222.26,16097.14,90.48%
2022/8/15,9047,3831,,,12878,1195.25,15741.43,89.93%
2022/8/16,8607,5037,,,13644,1142.98,15053.00,84.61%
2022/8/17,9941,4936,,,14877,1097.19,14450.00,81.40%
2022/8/18,10007,5991,,,15998,1105.26,14556.29,84.28%
2022/8/19,9549,4498,,,14047,1075.89,14169.43,82.68%
2022/8/20,11331,4929,,,16260,1104.02,14540.00,88.44%
2022/8/21,10735,3607,,,14342,1106.91,14578.00,90.56%
2022/8/22,9210,3245,,,12455,1102.32,14517.57,92.23%
2022/8/23,8985,3111,,,12096,1085.53,14296.43,94.97%
2022/8/24,9787,3916,,,13703,1072.80,14128.71,97.78%
2022/8/25,7840,3074,,,10914,1017.65,13402.43,92.07%
2022/8/26,9093,2941,,,12034,995.81,13114.86,92.56%
2022/8/27,8801,2579,,,11380,942.88,12417.71,85.40%
2022/8/28,7535,2060,,,9595,891.39,11739.57,80.53%
2022/8/29,7201,1977,,,9178,855.84,11271.43,77.64%
2022/8/30,6774,2044,,,8818,820.28,10803.14,75.57%
2022/8/31,6365,2441,,,8806,767.17,10103.57,71.51%
2022/9/1,5757,2075,,,7832,733.73,9663.29,72.10%
2022/9/2,6763,1811,,,8574,696.20,9169.00,69.91%
2022/9/3,6195,1697,,,7892,658.37,8670.71,69.83%
2022/9/4,5602,1353,,,6955,629.73,8293.57,70.65%
2022/9/5,5176,1192,,,6368,599.25,7892.14,70.02%
2022/9/6,4824,1371,,,6195,570.80,7517.43,69.59%
2022/9/7,5400,1642,,,7042,551.67,7265.43,71.91%
2022/9/8,4677,1399,,,6076,532.62,7014.57,72.59%
2022/9/9,5987,1413,,,7400,519.88,6846.86,74.67%
2022/9/10,5335,1188,,,6523,505.03,6651.29,76.71%
2022/9/11,5309,1017,,,6326,498.21,6561.43,79.11%
2022/9/12,4476,1002,,,5478,488.56,6434.29,81.53%
2022/9/13,4278,1133,,,5411,480.05,6322.29,84.10%
2022/9/14,5139,1345,,,6484,474.00,6242.57,85.92%
2022/9/15,4041,1169,,,5210,464.61,6118.86,87.23%
2022/9/16,4783,1162,,,5945,448.82,5911.00,86.33%
2022/9/17,4914,907,,,5821,441.21,5810.71,87.36%
2022/9/18,4456,697,,,5153,428.48,5643.14,86.00%
2022/9/19,2942,742,,,3684,409.02,5386.86,83.72%
2022/9/20,2782,790,,,3572,389.08,5124.14,81.05%
2022/9/21,2974,862,,,3836,360.35,4745.86,76.02%
2022/9/22,3500,1109,,,4609,353.83,4660.00,76.16%
2022/9/23,4674,820,,,5494,348.94,4595.57,77.75%
2022/9/24,3794,712,,,4506,334.68,4407.71,75.85%
2022/9/25,2864,678,,,3542,317.20,4177.57,74.03%
2022/9/26,2918,1410,,,4328,324.19,4269.57,79.26%
2022/9/27,,,2163,408,2571,313.33,4126.57,80.53%
2022/9/28,,,2940,289,3229,306.75,4039.86,85.12%
2022/9/29,,,2459,567,3026,289.58,3813.71,81.84%
2022/9/30,,,1884,484,2368,255.67,3367.14,73.27%
2022/10/1,,,2088,532,2620,235.21,3097.71,70.28%
2022/10/2,,,1415,491,1906,217.46,2864.00,68.56%
2022/10/3,,,933,332,1265,184.24,2426.43,56.83%
2022/10/4,,,2209,397,2606,184.62,2431.43,58.92%
2022/10/5,,,2050,492,2542,177.17,2333.29,57.76%
2022/10/6,,,1964,369,2333,169.65,2234.29,58.59%
2022/10/7,,,1638,412,2050,166.20,2188.86,65.01%
2022/10/8,,,1370,320,1690,156.11,2056.00,66.37%
2022/10/9,,,1146,278,1424,150.88,1987.14,69.38%
2022/10/10,,,615,217,832,146.19,1925.29,79.35%
2022/10/11,,,567,374,941,128.13,1687.43,69.40%
2022/10/12,,,1978,377,2355,126.10,1660.71,71.17%
2022/10/13,,,1988,465,2453,127.40,1677.86,75.10%
2022/10/14,,,1707,351,2058,127.49,1679.00,76.71%
2022/10/15,,,1626,419,2045,131.34,1729.71,84.13%
2022/10/16,,,1371,319,1690,134.22,1767.71,88.96%
2022/10/17,,,713,309,1022,136.28,1794.86,93.23%
2022/10/18,,,1846,166,2012,147.90,1947.86,115.43%
2022/10/19,,,1786,435,2221,146.45,1928.71,116.14%
2022/10/20,,,1600,391,1991,141.44,1862.71,111.02%
2022/10/21,,,1431,372,1803,138.67,1826.29,108.77%
2022/10/22,,,1571,321,1892,137.01,1804.43,104.32%
2022/10/23,,,1433,374,1807,138.28,1821.14,103.02%
2022/10/24,,,820,303,1123,139.38,1835.57,102.27%
2022/10/25,,,2025,383,2408,143.67,1892.14,97.14%
2022/10/26,,,2198,611,2809,150.05,1976.14,102.46%
2022/10/27,,,2025,308,2333,153.76,2025.00,108.71%
2022/10/28,,,1790,418,2208,158.15,2082.86,114.05%
2022/10/29,,,2139,421,2560,165.40,2178.29,120.72%
2022/10/30,,,1842,316,2158,169.20,2228.43,122.36%
2022/10/31,,,1073,586,1659,175.02,2305.00,125.57%
2022/11/1,,,3124,669,3793,190.04,2502.86,132.28%
2022/11/2,,,3122,517,3639,199.05,2621.43,132.65%
2022/11/3,,,3291,634,3925,216.31,2848.86,140.68%
2022/11/4,,,1634,780,2414,218.55,2878.29,138.19%
2022/11/5,,,3995,649,4644,241.15,3176.00,145.80%
2022/11/6,,,3273,970,4243,263.77,3473.86,155.89%
2022/11/7,,,1733,686,2419,272.01,3582.43,155.42%
2022/11/8,,,4028,776,4804,282.98,3726.86,148.90%
2022/11/9,,,3874,870,4744,294.97,3884.71,148.19%
2022/11/10,,,4224,966,5190,308.69,4065.43,142.70%
2022/11/11,,,3720,901,4621,332.63,4380.71,152.20%
2022/11/12,,,4197,930,5127,337.87,4449.71,140.10%
2022/11/13,,,3592,860,4452,340.13,4479.57,128.95%
2022/11/14,,,2218,766,2984,346.26,4560.29,127.30%
2022/11/15,,,5224,1074,6298,362.47,4773.71,128.09%
2022/11/16,,,5287,1229,6516,381.69,5026.86,129.40%
2022/11/17,,,4893,1235,6128,391.86,5160.86,126.94%
2022/11/18,,,4428,1069,5497,401.37,5286.00,120.67%
2022/11/19,,,4777,1025,5802,408.69,5382.43,120.96%
2022/11/20,,,3969,1089,5058,415.26,5469.00,122.09%
2022/11/21,,,2576,909,3485,420.70,5540.57,121.50%
2022/11/22,,,6173,1062,7235,430.86,5674.43,118.87%
2022/11/23,,,6343,1566,7909,445.97,5873.43,116.84%
2022/11/24,,,3312,1396,4708,430.57,5670.57,109.88%
2022/11/25,,,5512,1313,6825,444.97,5860.29,110.86%
2022/11/26,,,6359,1324,7683,465.38,6129.00,113.87%
2022/11/27,,,5168,1516,6684,483.01,6361.29,116.32%
2022/11/28,,,2869,1197,4066,489.32,6444.29,116.31%
2022/11/29,,,6491,1670,8161,499.36,6576.57,115.90%
2022/11/30,,,6890,1683,8573,506.56,6671.43,113.59%
2022/12/1,,,6464,1415,7879,540.96,7124.43,125.64%
2022/12/2,,,5964,1199,7163,544.63,7172.71,122.40%
2022/12/3,,,6369,1660,8029,548.38,7222.14,117.84%
2022/12/4,,,4906,1592,6498,546.36,7195.57,113.12%
2022/12/5,,,2769,1208,3977,545.40,7182.86,111.46%
2022/12/6,,,6672,1225,7897,542.53,7145.14,108.65%
2022/12/7,,,7017,1922,8939,546.50,7197.43,107.88%
2022/12/8,,,6873,1540,8413,552.29,7273.71,102.10%
2022/12/9,,,6434,1748,8182,563.35,7419.29,103.44%
2022/12/10,,,7360,1707,9067,574.61,7567.57,104.78%
2022/12/11,,,5910,1781,7691,587.55,7738.00,107.54%
2022/12/12,,,3065,1621,4686,595.24,7839.29,109.14%
2022/12/13,,,8763,1853,10616,624.73,8227.71,115.15%
2022/12/14,,,8682,2638,11320,650.56,8567.86,119.04%
2022/12/15,,,8639,2401,11040,679.05,8943.14,122.95%
2022/12/16,,,7496,2565,10061,699.44,9211.57,124.16%
2022/12/17,,,8166,2248,10414,714.05,9404.00,124.27%
2022/12/18,,,6757,2141,8898,727.14,9576.43,123.76%
2022/12/19,,,3750,1868,5618,737.25,9709.57,123.86%
2022/12/20,,,8691,2039,10730,738.49,9725.86,118.21%
2022/12/21,,,8902,2931,11833,744.05,9799.14,114.37%
2022/12/22,,,9072,2398,11470,748.71,9860.57,110.26%
2022/12/23,,,7749,2582,10331,751.64,9899.14,107.46%
2022/12/24,,,9243,2458,11701,765.60,10083.00,107.22%
2022/12/25,,,7328,2456,9784,775.21,10209.57,106.61%
2022/12/26,,,3821,2167,5988,779.23,10262.43,105.69%
2022/12/27,,,9240,2214,11454,787.08,10365.86,106.58%
2022/12/28,,,9203,2902,12105,790.03,10404.71,106.18%
2022/12/29,,,9072,2602,11674,792.24,10433.86,105.81%
2022/12/30,,,6001,2490,8491,772.29,10171.00,102.75%
2022/12/31,,,4650,2205,6855,719.72,9478.71,94.01%
2023/1/1,,,3201,2313,5514,673.40,8868.71,86.87%
2023/1/2,,,2936,2051,4987,662.54,8725.71,85.03%
2023/1/3,,,2824,2004,4828,590.67,7779.14,75.05%
2023/1/4,,,4118,2449,6567,530.60,6988.00,67.16%
2023/1/5,,,8010,2678,10688,519.90,6847.14,65.62%
2023/1/6,,,8008,3765,11773,555.50,7316.00,71.93%
2023/1/7,,,9522,3318,12840,620.43,8171.00,86.20%
2023/1/8,,,7308,2788,10096,670.13,8825.57,99.51%
2023/1/9,,,4536,2219,6755,689.30,9078.14,104.04%
2023/1/10,,,2692,1866,4558,686.38,9039.57,116.20%
2023/1/11,,,7818,2080,9898,722.51,9515.43,136.17%
2023/1/12,,,6904,2433,9337,707.85,9322.43,136.15%
2023/1/13,,,5972,1834,7806,664.82,8755.71,119.68%
2023/1/14,,,6192,1683,7875,610.97,8046.43,98.48%
2023/1/15,,,4597,1430,6027,566.83,7465.14,84.59%
2023/1/16,,,2448,1198,3646,533.11,7021.00,77.34%
2023/1/17,,,5636,1200,6836,557.82,7346.43,81.27%
2023/1/18,,,4970,1526,6496,520.91,6860.43,72.10%
2023/1/19,,,4427,1207,5634,480.75,6331.43,67.92%
2023/1/20,,,3365,1031,4396,443.76,5844.29,66.75%
2023/1/21,,,3592,949,4541,407.59,5368.00,66.71%
2023/1/22,,,2696,853,3549,380.71,5014.00,67.17%
2023/1/23,,,1510,684,2194,364.96,4806.57,68.46%
2023/1/24,,,3883,708,4591,340.61,4485.86,61.06%
2023/1/25,,,3338,940,4278,316.55,4169.00,60.77%
2023/1/26,,,3010,719,3729,295.89,3896.86,61.55%
2023/1/27,,,2562,684,3246,283.41,3732.57,63.87%
2023/1/28,,,2600,606,3206,268.93,3541.86,65.98%
2023/1/29,,,1934,529,2463,257.15,3386.71,67.55%
2023/1/30,,,1122,421,1543,250.09,3293.71,68.53%
2023/1/31,,,2579,465,3044,233.31,3072.71,68.50%
2023/2/1,,,2278,585,2863,217.96,2870.57,68.86%
2023/2/2,,,2114,478,2592,205.63,2708.14,69.50%
2023/2/3,,,1887,481,2368,196.11,2582.71,69.19%
2023/2/4,,,1888,398,2286,186.13,2451.29,69.21%
2023/2/5,,,1450,362,1812,179.06,2358.29,69.63%
2023/2/6,,,748,306,1054,173.76,2288.43,69.48%
2023/2/7,,,2012,312,2324,165.95,2185.57,71.13%
2023/2/8,,,1578,422,2000,156.59,2062.29,71.84%
2023/2/9,,,1530,332,1862,148.67,1958.00,72.30%
2023/2/10,,,1264,320,1584,140.17,1846.00,71.48%
2023/2/11,,,1187,277,1464,131.25,1728.57,70.52%
2023/2/12,,,492,220,712,119.32,1571.43,66.63%
2023/2/13,,,410,190,600,114.39,1506.57,65.83%
2023/2/14,,,1304,178,1482,105.26,1386.29,63.43%
2023/2/15,,,1041,280,1321,97.90,1289.29,62.52%
2023/2/16,,,925,188,1113,89.77,1182.29,60.38%
2023/2/17,,,861,192,1053,84.01,1106.43,59.94%
2023/2/18,,,733,155,888,77.76,1024.14,59.25%
2023/2/19,,,515,152,667,77.28,1017.71,64.76%
2023/2/20,,,307,88,395,75.05,988.43,65.61%
2023/2/21,,,765,117,882,68.54,902.71,65.12%
2023/2/22,,,672,174,846,63.39,834.86,64.75%
2023/2/23,,,615,116,731,59.25,780.29,66.00%
2023/2/24,,,283,96,379,51.94,684.00,61.82%
2023/2/25,,,636,100,736,50.29,662.29,64.67%
2023/2/26,,,387,112,499,48.47,638.29,62.72%
2023/2/27,,,215,77,292,47.35,623.57,63.09%
2023/2/28,,,685,86,771,46.14,607.71,67.32%
2023/3/1,,,502,126,628,43.78,576.57,69.06%
2023/3/2,,,447,98,545,41.76,550.00,70.49%
2023/3/3,,,393,96,489,42.95,565.71,82.71%
2023/3/4,,,401,90,491,40.30,530.71,80.13%
2023/3/5,,,323,99,422,39.46,519.71,81.42%
2023/3/6,,,203,56,259,39.10,515.00,82.59%
2023/3/7,,,465,71,536,36.55,481.43,79.22%
2023/3/8,,,401,100,501,35.18,463.29,80.35%
2023/3/9,,,404,85,489,34.57,455.29,82.78%
2023/3/10,,,371,85,456,34.21,450.57,79.65%
2023/3/11,,,378,72,450,33.77,444.71,83.80%
2023/3/12,,,261,62,323,32.69,430.57,82.85%
2023/3/13,,,150,72,222,32.29,425.29,82.58%
2023/3/14,,,410,58,468,31.55,415.57,86.32%
2023/3/15,,,348,112,460,31.11,409.71,88.44%
2023/3/16,,,408,56,464,30.84,406.14,89.21%
2023/3/17,,,313,56,369,29.89,393.71,87.38%
2023/3/18,,,344,51,395,29.30,385.86,86.77%
2023/3/19,,,257,54,311,29.17,384.14,89.22%
2023/3/20,,,139,51,190,28.82,379.57,89.25%
2023/3/21,,,350,35,385,27.92,367.71,88.48%
2023/3/22,,,156,64,220,25.32,333.43,81.38%
2023/3/23,,,445,58,503,25.74,339.00,83.47%
2023/3/24,,,356,66,422,26.32,346.57,88.03%
2023/3/25,,,429,75,504,27.50,362.14,93.85%
2023/3/26,,,326,76,402,28.48,375.14,97.66%
2023/3/27,,,136,62,198,28.57,376.29,99.13%
2023/3/28,,,417,37,454,29.32,386.14,105.01%
2023/3/29,,,407,61,468,32.01,421.57,126.44%
2023/3/30,,,406,51,457,31.51,415.00,122.42%
2023/3/31,,,335,78,413,31.41,413.71,119.37%
2023/4/1,,,394,71,465,30.99,408.14,112.70%
2023/4/2,,,342,66,408,31.06,409.00,109.03%
2023/4/3,,,208,66,274,31.88,419.86,111.58%
2023/4/4,,,555,82,637,33.86,446.00,115.50%
2023/4/5,,,495,100,595,35.24,464.14,110.10%
2023/4/6,,,532,70,602,36.82,484.86,116.83%
2023/4/7,,,499,84,583,38.66,509.14,123.07%
2023/4/8,,,525,69,594,40.06,527.57,129.26%
2023/4/9,,,402,87,489,40.94,539.14,131.82%
2023/4/10,,,228,82,310,41.33,544.29,129.64%
2023/4/11,,,623,94,717,42.20,555.71,124.60%
2023/4/12,,,567,120,687,43.19,568.86,122.56%
2023/4/13,,,536,95,631,43.51,573.00,118.18%
2023/4/14,,,470,83,553,43.18,568.71,111.70%
2023/4/15,,,491,78,569,42.91,565.14,107.12%
2023/4/16,,,398,79,477,42.78,563.43,104.50%
2023/4/17,,,216,62,278,42.43,558.86,102.68%
2023/4/18,,,702,82,784,43.16,568.43,102.29%
2023/4/19,,,563,122,685,43.14,568.14,99.87%
2023/4/20,,,666,103,769,44.64,587.86,102.59%
2023/4/21,,,491,103,594,45.08,593.71,104.40%
2023/4/22,,,702,89,791,47.49,625.43,110.67%
2023/4/23,,,504,109,613,48.96,644.86,114.45%
2023/4/24,,,283,89,372,49.98,658.29,117.79%
2023/4/25,,,730,99,829,50.47,664.71,116.94%
2023/4/26,,,697,112,809,51.82,682.43,120.12%
2023/4/27,,,718,115,833,52.51,691.57,117.64%
2023/4/28,,,681,107,788,54.62,719.29,121.15%
2023/4/29,,,849,135,984,56.71,746.86,119.42%
2023/4/30,,,426,141,567,56.21,740.29,114.80%
2023/5/1,,,349,113,462,57.19,753.14,114.41%
2023/5/2,,,1049,130,1179,60.98,803.14,120.83%
2023/5/3,,,827,148,975,62.78,826.86,121.16%
2023/5/4,,,489,102,591,60.16,792.29,114.56%
2023/5/5,,,453,89,542,57.49,757.14,105.26%
2023/5/6,,,330,103,433,51.51,678.43,90.84%
2023/5/7,,,798,88,886,54.97,724.00,97.80%
2023/5/8,,,444,123,567,56.11,739.00,98.12%
