記者発表日,【年代別】新規感染者数_10歳未満,【年代別】新規感染者数_10代,【年代別】新規感染者数_20代,【年代別】新規感染者数_30代,【年代別】新規感染者数_40代,【年代別】新規感染者数_50代,【年代別】新規感染者数_60代,【年代別】新規感染者数_70代,【年代別】新規感染者数_80代,【年代別】新規感染者数_90歳以上,【年代別】新規感染者数_年代非公開
2020/1/16,0,0,0,1,0,0,0,0,0,0,0
2020/1/17,0,0,0,0,0,0,0,0,0,0,0
2020/1/18,0,0,0,0,0,0,0,0,0,0,0
2020/1/19,0,0,0,0,0,0,0,0,0,0,0
2020/1/20,0,0,0,0,0,0,0,0,0,0,0
2020/1/21,0,0,0,0,0,0,0,0,0,0,0
2020/1/22,0,0,0,0,0,0,0,0,0,0,0
2020/1/23,0,0,0,0,0,0,0,0,0,0,0
2020/1/24,0,0,0,0,0,0,0,0,0,0,0
2020/1/25,0,0,0,0,0,0,0,0,0,0,0
2020/1/26,0,0,0,0,0,0,0,0,0,0,0
2020/1/27,0,0,0,0,0,0,0,0,0,0,0
2020/1/28,0,0,0,0,0,0,0,0,0,0,0
2020/1/29,0,0,0,0,0,0,0,0,0,0,0
2020/1/30,0,0,0,0,0,0,0,0,0,0,0
2020/1/31,0,0,0,0,0,0,0,0,0,0,0
2020/2/1,0,0,0,0,0,0,0,0,0,0,0
2020/2/2,0,0,0,0,0,0,0,0,0,0,0
2020/2/3,0,0,0,0,0,0,0,0,0,0,0
2020/2/4,0,0,0,0,0,0,0,0,0,0,0
2020/2/5,0,0,0,0,0,0,0,0,0,0,0
2020/2/6,0,0,0,0,0,0,0,0,0,0,0
2020/2/7,0,0,0,0,0,0,0,0,0,0,0
2020/2/8,0,0,0,0,0,0,0,0,0,0,0
2020/2/9,0,0,0,0,0,0,0,0,0,0,0
2020/2/10,0,0,0,0,0,0,0,0,0,0,0
2020/2/11,0,0,0,0,0,1,0,0,0,0,0
2020/2/12,0,0,0,0,0,0,0,0,0,0,0
2020/2/13,0,0,0,0,0,0,0,0,1,0,0
2020/2/14,0,0,0,1,0,0,0,0,0,0,0
2020/2/15,0,0,0,0,0,0,0,0,0,0,0
2020/2/16,0,0,0,0,0,0,0,0,0,0,0
2020/2/17,0,0,0,0,1,0,0,0,0,0,0
2020/2/18,0,0,0,0,0,0,1,0,0,0,0
2020/2/19,0,0,0,0,0,0,0,1,1,0,0
2020/2/20,0,0,0,0,0,0,1,0,1,0,0
2020/2/21,0,0,0,1,0,0,0,0,2,0,0
2020/2/22,0,0,0,0,0,1,0,0,0,0,0
2020/2/23,0,0,0,0,0,0,0,0,0,0,0
2020/2/24,0,0,2,0,0,2,0,0,0,0,0
2020/2/25,0,0,0,0,0,0,0,0,0,0,0
2020/2/26,0,0,0,0,0,0,1,0,0,0,0
2020/2/27,0,0,1,0,1,1,0,0,0,0,0
2020/2/28,0,0,0,0,0,1,0,1,0,0,0
2020/2/29,0,0,0,0,0,0,0,0,0,0,0
2020/3/1,0,0,0,0,0,3,0,0,0,0,0
2020/3/2,0,0,0,0,0,0,1,0,0,0,3
2020/3/3,0,0,1,0,0,0,0,0,0,0,0
2020/3/4,0,0,0,0,0,0,0,0,0,0,0
2020/3/5,0,0,0,0,0,2,1,0,0,0,0
2020/3/6,0,0,2,2,0,0,0,2,0,0,0
2020/3/7,0,0,0,0,0,0,0,0,1,0,0
2020/3/8,0,0,0,0,0,0,0,0,0,0,0
2020/3/9,0,0,0,0,0,0,0,0,0,0,0
2020/3/10,0,0,2,0,0,0,0,0,0,0,0
2020/3/11,0,0,1,0,1,0,0,1,0,0,0
2020/3/12,0,0,0,1,0,0,0,2,0,0,0
2020/3/13,0,0,0,0,0,0,1,0,0,0,0
2020/3/14,0,0,0,0,0,0,0,0,0,0,0
2020/3/15,0,0,0,0,1,1,0,3,1,0,0
2020/3/16,0,0,0,0,0,0,0,0,0,0,0
2020/3/17,0,0,0,0,0,0,0,3,1,0,0
2020/3/18,0,0,0,0,0,0,0,0,1,0,0
2020/3/19,0,0,3,0,1,0,2,0,0,0,0
2020/3/20,0,0,0,1,0,0,0,0,0,1,0
2020/3/21,0,0,0,0,1,0,2,0,0,1,0
2020/3/22,0,0,1,2,1,0,1,0,0,0,0
2020/3/23,0,0,0,0,0,0,0,0,0,0,0
2020/3/24,0,1,0,2,2,0,0,1,0,0,0
2020/3/25,0,0,3,0,0,1,0,0,0,0,0
2020/3/26,0,0,0,2,1,0,2,1,0,0,0
2020/3/27,0,0,0,3,3,1,3,0,1,0,0
2020/3/28,0,0,4,1,2,3,1,0,0,0,1
2020/3/29,0,0,1,2,2,2,2,0,0,0,0
2020/3/30,0,0,1,0,2,0,0,0,0,0,0
2020/3/31,0,1,2,2,3,4,1,1,0,0,0
2020/4/1,2,1,3,5,3,3,2,0,0,0,0
2020/4/2,0,0,8,5,0,4,5,1,2,0,0
2020/4/3,2,0,7,5,6,3,3,4,1,0,0
2020/4/4,0,0,3,7,4,2,4,1,0,0,0
2020/4/5,1,1,7,4,2,5,5,2,0,0,0
2020/4/6,0,0,0,1,1,2,1,1,0,0,0
2020/4/7,0,0,1,5,2,8,1,0,0,1,0
2020/4/8,2,1,10,6,11,12,4,14,3,1,0
2020/4/9,0,0,6,9,2,5,3,2,1,0,0
2020/4/10,0,2,8,13,8,8,4,6,3,3,0
2020/4/11,0,0,7,9,24,20,7,5,4,0,0
2020/4/12,1,1,7,4,6,6,2,1,2,1,0
2020/4/13,0,1,4,1,4,1,3,1,0,0,0
2020/4/14,0,1,3,1,6,5,3,1,0,0,0
2020/4/15,0,2,4,6,13,4,7,2,2,0,0
2020/4/16,0,0,9,10,11,10,6,4,4,1,0
2020/4/17,0,2,6,8,3,7,6,1,1,0,0
2020/4/18,0,0,3,6,8,14,8,3,2,0,0
2020/4/19,0,1,1,4,5,8,4,3,3,1,0
2020/4/20,0,0,0,2,4,3,4,3,0,0,0
2020/4/21,0,0,1,2,3,5,1,2,0,0,0
2020/4/22,0,1,2,3,3,2,4,4,6,0,0
2020/4/23,1,2,6,5,4,12,5,4,0,0,0
2020/4/24,1,2,4,1,3,8,5,5,3,0,0
2020/4/25,1,2,3,5,6,3,3,3,5,0,0
2020/4/26,0,0,0,3,2,5,2,1,2,1,0
2020/4/27,0,0,0,1,0,1,3,2,0,0,0
2020/4/28,0,0,1,1,1,3,1,2,1,0,0
2020/4/29,0,0,3,3,5,3,5,4,2,0,1
2020/4/30,1,0,3,3,6,1,2,5,3,2,0
2020/5/1,1,0,2,1,3,1,2,1,2,2,0
2020/5/2,0,0,5,5,4,6,4,5,6,1,0
2020/5/3,0,0,4,6,4,0,3,3,2,1,0
2020/5/4,1,0,1,3,1,2,1,0,1,0,0
2020/5/5,0,0,6,2,1,1,1,1,0,2,0
2020/5/6,0,0,0,0,0,1,3,2,1,0,0
2020/5/7,0,1,2,2,3,1,1,0,3,0,0
2020/5/8,0,0,2,1,0,1,0,1,1,1,0
2020/5/9,0,0,2,2,1,1,1,0,1,0,0
2020/5/10,0,0,1,5,3,1,0,1,1,1,0
2020/5/11,0,0,1,2,1,0,0,2,1,0,0
2020/5/12,0,2,3,1,0,2,0,1,4,2,0
2020/5/13,0,0,1,1,1,0,1,1,2,3,0
2020/5/14,2,1,6,2,8,4,0,5,2,2,0
2020/5/15,0,0,2,1,3,2,1,0,4,3,0
2020/5/16,0,0,4,3,1,3,0,1,0,0,0
2020/5/17,0,0,0,1,2,0,0,0,2,0,0
2020/5/18,0,0,2,1,0,1,1,2,1,0,0
2020/5/19,0,0,2,2,2,1,0,1,0,0,0
2020/5/20,1,0,2,2,5,5,0,2,0,1,0
2020/5/21,3,0,2,3,3,1,1,0,0,0,0
2020/5/22,0,0,1,4,1,0,0,1,0,0,0
2020/5/23,0,0,1,0,0,1,0,2,0,1,0
2020/5/24,0,0,0,1,0,0,0,1,2,1,0
2020/5/25,0,0,0,0,0,0,0,0,1,0,0
2020/5/26,0,0,1,1,0,0,0,0,1,0,0
2020/5/27,0,0,0,0,1,1,1,0,2,0,0
2020/5/28,0,0,3,0,0,3,0,2,0,0,0
2020/5/29,1,2,3,0,1,1,0,2,0,0,0
2020/5/30,0,0,0,2,2,0,0,0,0,0,0
2020/5/31,0,0,0,0,1,2,0,1,1,1,0
2020/6/1,0,0,0,1,0,0,0,0,0,0,0
2020/6/2,0,1,0,0,0,0,1,0,1,0,0
2020/6/3,0,0,1,0,0,0,0,0,0,1,0
2020/6/4,0,0,3,1,0,0,1,0,1,0,0
2020/6/5,0,0,3,0,0,1,0,2,0,0,0
2020/6/6,0,0,3,1,1,0,0,0,0,0,0
2020/6/7,0,0,0,1,0,0,2,1,1,0,0
2020/6/8,0,0,0,0,0,0,0,0,0,0,0
2020/6/9,0,0,0,0,0,1,0,0,0,0,0
2020/6/10,0,0,0,0,0,0,0,0,0,0,0
2020/6/11,0,0,0,0,0,0,1,0,0,0,0
2020/6/12,0,0,0,1,1,0,1,0,0,0,0
2020/6/13,0,0,5,0,0,1,0,0,0,0,0
2020/6/14,0,0,0,0,0,0,0,0,0,0,0
2020/6/15,0,1,0,1,0,1,0,0,0,0,0
2020/6/16,0,0,0,0,1,1,0,0,0,0,0
2020/6/17,0,0,3,0,1,2,1,0,0,0,0
2020/6/18,0,0,2,1,0,2,1,0,0,0,0
2020/6/19,0,0,1,0,1,0,0,0,0,0,0
2020/6/20,1,0,1,2,0,0,1,0,0,0,0
2020/6/21,0,0,0,0,0,0,0,0,0,0,0
2020/6/22,0,0,0,0,0,0,0,0,0,0,0
2020/6/23,0,0,0,0,1,0,0,0,0,0,0
2020/6/24,1,1,2,0,0,0,0,0,0,0,0
2020/6/25,0,2,1,2,0,1,0,0,0,0,0
2020/6/26,1,0,1,3,1,0,0,0,0,1,0
2020/6/27,0,1,2,1,0,0,0,0,0,0,0
2020/6/28,0,0,4,2,1,2,0,0,0,0,0
2020/6/29,0,0,3,2,0,1,0,1,0,0,0
2020/6/30,0,0,18,10,2,0,1,0,0,0,0
2020/7/1,0,0,3,0,3,0,0,0,0,0,0
2020/7/2,1,0,6,2,0,1,2,0,1,0,0
2020/7/3,0,1,12,5,1,2,3,0,0,0,0
2020/7/4,0,1,9,4,3,1,0,1,1,0,0
2020/7/5,1,1,7,4,2,2,2,0,1,0,0
2020/7/6,1,2,3,1,0,3,1,0,0,0,0
2020/7/7,0,1,5,1,0,0,1,1,0,0,0
2020/7/8,1,2,8,3,3,3,0,2,1,0,0
2020/7/9,0,1,14,4,3,1,1,1,0,0,0
2020/7/10,1,1,17,3,3,4,2,1,0,0,0
2020/7/11,0,0,13,5,5,3,5,3,0,0,0
2020/7/12,1,1,9,6,3,3,0,0,1,0,0
2020/7/13,0,1,5,2,3,3,0,0,2,0,0
2020/7/14,1,0,10,4,3,4,2,0,1,0,1
2020/7/15,2,2,18,7,8,3,0,2,1,0,0
2020/7/16,2,3,19,5,9,6,1,0,0,0,3
2020/7/17,0,6,14,6,5,9,2,1,0,0,0
2020/7/18,0,3,17,9,7,6,3,4,0,0,0
2020/7/19,0,1,14,4,3,5,1,1,0,0,1
2020/7/20,0,1,3,2,2,1,0,1,1,0,0
2020/7/21,1,0,16,6,1,1,1,2,2,0,0
2020/7/22,5,4,22,15,8,6,6,2,0,0,0
2020/7/23,0,1,26,5,3,3,4,2,9,0,0
2020/7/24,0,1,13,4,3,3,2,1,0,1,0
2020/7/25,1,1,7,4,1,3,1,0,0,0,0
2020/7/26,0,1,14,4,0,6,6,1,0,0,1
2020/7/27,1,0,4,2,3,2,1,1,0,0,0
2020/7/28,2,1,13,4,4,4,2,2,1,0,0
2020/7/29,2,3,22,15,13,10,4,1,0,0,0
2020/7/30,0,1,30,11,16,7,8,2,1,0,0
2020/7/31,0,2,24,10,7,2,4,3,1,0,0
2020/8/1,1,2,18,12,7,11,4,2,1,0,0
2020/8/2,1,2,29,16,5,11,3,5,0,0,0
2020/8/3,0,2,14,6,11,12,1,2,0,0,0
2020/8/4,3,1,33,12,11,19,6,2,1,1,0
2020/8/5,2,2,23,17,10,17,5,1,4,0,0
2020/8/6,6,1,37,20,19,12,10,6,6,1,0
2020/8/7,4,1,37,12,20,19,7,1,3,3,0
2020/8/8,4,3,37,18,19,19,9,5,8,6,0
2020/8/9,0,2,31,13,15,13,3,1,2,1,0
2020/8/10,1,1,9,8,6,4,4,2,1,1,0
2020/8/11,2,2,11,1,5,2,3,0,1,0,0
2020/8/12,4,8,14,9,10,10,5,5,1,0,0
2020/8/13,15,7,21,14,21,16,11,9,4,5,0
2020/8/14,8,8,29,16,10,18,9,4,11,4,0
2020/8/15,5,11,47,23,15,15,7,7,6,0,0
2020/8/16,2,6,20,11,10,16,10,3,0,1,0
2020/8/17,2,3,9,7,10,8,5,3,2,2,0
2020/8/18,4,8,13,14,11,10,8,10,5,1,0
2020/8/19,1,11,22,9,13,24,5,6,3,1,0
2020/8/20,10,1,29,19,15,14,8,7,1,0,0
2020/8/21,2,5,20,16,11,12,2,7,6,1,0
2020/8/22,8,6,32,8,12,13,12,6,4,0,0
2020/8/23,4,4,14,4,9,7,5,1,1,0,0
2020/8/24,3,2,8,6,5,3,6,4,0,2,0
2020/8/25,4,1,14,8,6,11,5,6,1,0,0
2020/8/26,2,10,18,14,9,17,7,6,1,1,0
2020/8/27,3,2,14,15,8,5,11,5,1,2,0
2020/8/28,4,5,19,9,8,12,7,4,6,1,0
2020/8/29,1,12,27,11,8,13,10,11,10,3,0
2020/8/30,6,5,9,13,8,10,4,7,2,0,0
2020/8/31,3,8,7,9,4,7,4,6,2,0,0
2020/9/1,1,6,12,11,10,9,4,4,1,1,0
2020/9/2,4,10,12,10,10,12,9,7,2,0,0
2020/9/3,1,3,17,13,10,17,8,9,3,0,0
2020/9/4,8,8,18,12,14,18,17,6,3,4,0
2020/9/5,3,4,14,7,11,6,8,11,2,1,0
2020/9/6,7,1,15,16,13,8,3,12,3,1,0
2020/9/7,0,3,5,4,5,3,2,5,2,0,0
2020/9/8,0,1,11,6,16,12,4,10,2,1,0
2020/9/9,28,1,23,12,14,10,7,6,5,0,0
2020/9/10,6,7,24,12,17,9,12,19,4,2,0
2020/9/11,0,3,14,13,19,10,8,8,4,3,0
2020/9/12,6,2,12,6,16,10,6,7,1,2,0
2020/9/13,0,4,6,13,6,7,8,7,1,1,0
2020/9/14,1,4,1,1,1,2,2,1,1,1,0
2020/9/15,1,3,3,6,3,8,11,7,10,0,0
2020/9/16,1,0,16,10,14,12,9,16,17,6,0
2020/9/17,4,5,13,11,9,12,3,4,2,2,0
2020/9/18,4,9,17,9,8,4,9,11,4,3,0
2020/9/19,4,4,8,9,11,16,4,10,2,0,0
2020/9/20,4,5,12,6,7,7,4,9,6,0,0
2020/9/21,0,1,6,1,2,3,0,2,5,0,0
2020/9/22,0,3,7,2,7,4,3,3,5,4,0
2020/9/23,0,1,4,0,1,3,0,1,0,1,0
2020/9/24,2,2,11,4,8,12,3,6,9,1,0
2020/9/25,2,6,14,7,16,15,5,8,3,2,0
2020/9/26,4,7,12,16,13,10,7,16,5,0,0
2020/9/27,4,5,15,8,13,9,6,1,3,1,0
2020/9/28,1,0,0,3,4,2,1,4,1,1,0
2020/9/29,0,3,17,6,7,13,4,4,4,0,0
2020/9/30,7,3,11,11,15,9,8,9,5,1,0
2020/10/1,2,2,21,16,9,12,8,5,2,1,0
2020/10/2,3,7,10,7,5,11,4,15,3,1,0
2020/10/3,2,4,12,6,12,6,7,7,2,1,0
2020/10/4,2,3,3,4,8,2,5,8,2,0,0
2020/10/5,1,0,3,1,1,3,1,0,1,0,0
2020/10/6,3,2,5,6,10,16,9,12,1,1,0
2020/10/7,3,6,12,10,6,10,5,2,0,0,0
2020/10/8,1,3,9,9,9,10,9,10,3,2,0
2020/10/9,3,8,17,11,13,6,6,8,4,1,0
2020/10/10,1,2,9,3,10,11,7,11,7,2,0
2020/10/11,0,2,7,4,9,4,4,6,0,1,0
2020/10/12,1,2,10,4,4,1,3,3,1,0,0
2020/10/13,7,2,13,12,8,2,3,2,4,1,0
2020/10/14,4,9,14,17,10,7,9,9,7,2,0
2020/10/15,5,10,12,9,15,9,11,5,1,2,0
2020/10/16,0,14,15,16,16,7,2,8,5,2,0
2020/10/17,1,4,7,11,9,8,2,6,2,0,0
2020/10/18,2,1,11,7,3,8,2,7,7,1,0
2020/10/19,1,0,4,4,2,4,1,5,2,0,0
2020/10/20,2,1,9,5,9,8,5,3,4,1,0
2020/10/21,9,5,13,10,19,14,7,8,2,1,0
2020/10/22,2,0,11,4,14,8,6,5,4,1,0
2020/10/23,1,5,10,14,11,12,11,12,13,1,0
2020/10/24,5,2,12,8,7,11,6,4,5,0,0
2020/10/25,5,5,7,6,12,8,5,5,5,2,0
2020/10/26,0,0,5,1,3,5,4,3,0,1,0
2020/10/27,2,3,17,8,11,6,4,3,8,2,0
2020/10/28,3,4,8,12,8,14,4,5,6,0,0
2020/10/29,1,3,15,8,7,17,4,9,5,2,0
2020/10/30,6,3,8,5,5,15,9,6,3,0,0
2020/10/31,1,8,12,9,9,11,5,6,4,0,0
2020/11/1,0,2,15,12,9,15,5,2,4,1,0
2020/11/2,0,0,2,5,2,5,4,3,1,0,0
2020/11/3,1,2,11,8,8,11,11,9,6,1,0
2020/11/4,1,2,10,8,5,6,5,3,4,0,0
2020/11/5,0,6,18,18,11,19,16,10,10,1,0
2020/11/6,1,7,19,13,15,18,13,9,7,2,0
2020/11/7,1,5,28,21,15,20,15,19,9,4,0
2020/11/8,3,6,16,9,7,11,6,10,8,1,0
2020/11/9,0,1,11,4,4,3,4,7,0,1,1
2020/11/10,3,3,18,11,14,19,10,9,9,2,0
2020/11/11,5,5,37,19,13,15,15,16,5,0,0
2020/11/12,2,14,27,17,18,24,12,24,9,0,0
2020/11/13,5,4,27,22,22,24,19,11,10,2,0
2020/11/14,3,5,31,25,23,22,10,19,8,1,0
2020/11/15,4,6,23,21,15,21,10,11,3,0,0
2020/11/16,0,3,13,6,10,14,3,6,5,1,0
2020/11/17,2,6,24,27,21,19,8,16,9,1,0
2020/11/18,10,9,49,40,33,32,20,19,10,4,0
2020/11/19,6,8,52,29,32,28,15,26,8,1,0
2020/11/20,2,10,38,23,33,40,25,30,6,1,0
2020/11/21,4,21,29,25,29,32,16,19,17,0,0
2020/11/22,5,4,25,35,28,24,15,13,10,3,0
2020/11/23,1,2,18,9,10,11,8,4,5,2,0
2020/11/24,4,2,11,8,14,17,4,5,2,0,0
2020/11/25,5,4,36,26,25,23,13,17,7,3,0
2020/11/26,11,20,42,37,34,39,24,19,20,6,0
2020/11/27,8,14,43,25,34,22,24,20,18,11,0
2020/11/28,11,16,52,27,26,35,11,14,16,6,0
2020/11/29,8,10,30,15,16,21,15,15,10,9,0
2020/11/30,1,8,27,9,8,5,6,8,8,3,0
2020/12/1,5,12,29,18,17,31,15,13,14,4,0
2020/12/2,9,14,38,29,34,28,29,17,7,9,0
2020/12/3,9,10,39,27,30,31,23,10,14,4,0
2020/12/4,6,11,41,18,42,24,22,15,7,2,0
2020/12/5,6,13,39,32,34,33,12,11,8,3,0
2020/12/6,5,12,33,17,26,18,13,9,0,1,0
2020/12/7,1,4,7,9,15,10,5,8,5,1,0
2020/12/8,1,10,22,15,33,34,14,8,10,5,0
2020/12/9,6,13,56,40,32,42,20,15,16,5,0
2020/12/10,2,9,43,29,36,36,27,25,5,1,0
2020/12/11,14,31,55,36,51,32,22,22,15,7,0
2020/12/12,6,21,41,41,34,34,14,13,10,9,0
2020/12/13,5,11,43,41,38,45,19,17,7,5,0
2020/12/14,3,13,15,22,20,14,15,6,9,4,0
2020/12/15,4,14,46,25,54,31,18,17,14,3,0
2020/12/16,7,33,53,52,53,41,13,20,8,7,0
2020/12/17,15,22,61,62,60,45,17,12,18,7,0
2020/12/18,14,49,54,31,44,42,18,18,15,10,0
2020/12/19,14,34,63,50,55,48,16,22,10,2,0
2020/12/20,15,12,52,31,41,32,18,16,16,5,0
2020/12/21,4,28,49,19,31,30,6,8,12,1,0
2020/12/22,5,19,80,54,58,49,33,27,18,5,0
2020/12/23,14,28,69,57,52,49,29,29,14,5,0
2020/12/24,16,46,120,68,77,61,51,30,17,8,0
2020/12/25,13,36,119,72,74,61,39,34,12,5,1
2020/12/26,19,38,88,82,68,71,47,48,11,7,0
2020/12/27,11,25,75,61,53,41,27,20,18,9,3
2020/12/28,9,15,79,62,59,51,29,18,9,3,0
2020/12/29,8,19,97,65,74,59,27,33,8,4,0
2020/12/30,13,28,87,57,76,62,42,20,29,18,0
2020/12/31,15,45,131,93,92,99,49,37,20,6,0
2021/1/1,17,24,125,70,72,65,35,31,22,9,0
2021/1/2,10,24,98,62,59,56,28,34,8,1,0
2021/1/3,7,14,99,62,63,47,22,32,13,6,0
2021/1/4,15,31,95,70,55,54,44,34,11,3,0
2021/1/5,15,24,176,102,98,94,50,40,19,4,0
2021/1/6,14,46,142,86,103,96,33,43,16,12,0
2021/1/7,16,33,186,122,120,87,44,41,22,8,0
2021/1/8,17,61,227,127,124,122,68,46,32,14,0
2021/1/9,40,66,242,166,145,148,72,55,43,18,0
2021/1/10,23,52,178,110,121,115,53,37,29,9,0
2021/1/11,27,42,169,104,93,90,57,52,40,20,0
2021/1/12,42,62,252,143,116,125,77,54,28,6,0
2021/1/13,30,42,172,123,125,98,59,50,54,14,0
2021/1/14,38,72,194,134,151,156,88,87,44,20,0
2021/1/15,28,64,194,138,122,133,82,68,28,14,0
2021/1/16,26,58,171,118,118,143,59,66,47,23,0
2021/1/17,31,53,145,91,134,124,71,79,43,22,1
2021/1/18,47,73,210,143,123,148,89,67,41,16,0
2021/1/19,30,57,131,113,101,101,74,66,50,14,0
2021/1/20,46,55,131,107,93,82,66,66,48,22,0
2021/1/21,27,62,132,93,97,122,68,74,43,13,0
2021/1/22,35,61,118,74,97,87,49,56,33,17,0
2021/1/23,21,47,63,57,82,71,49,58,45,28,0
2021/1/24,25,40,94,70,74,76,56,44,52,22,0
2021/1/25,23,15,59,49,44,52,28,42,25,14,0
2021/1/26,19,30,62,43,39,68,46,34,38,15,0
2021/1/27,17,32,69,36,62,46,25,47,35,17,0
2021/1/28,13,21,66,46,65,50,54,51,43,24,0
2021/1/29,15,17,67,54,51,66,32,33,35,15,0
2021/1/30,16,26,59,46,66,52,27,42,34,29,0
2021/1/31,13,18,73,49,56,55,50,26,40,10,0
2021/2/1,12,15,42,36,26,24,16,25,15,10,0
2021/2/2,3,10,31,16,25,38,18,21,12,13,0
2021/2/3,11,8,47,27,22,27,23,34,22,13,0
2021/2/4,5,7,40,33,37,31,24,20,19,8,0
2021/2/5,18,4,49,52,28,40,34,23,26,14,0
2021/2/6,4,11,35,31,21,27,25,16,23,8,0
2021/2/7,7,10,23,24,20,22,18,26,11,3,0
2021/2/8,5,5,23,20,12,13,13,11,12,7,0
2021/2/9,8,11,13,18,28,20,14,12,11,6,0
2021/2/10,5,6,37,23,26,22,19,14,18,6,0
2021/2/11,9,14,19,27,29,33,12,16,13,6,0
2021/2/12,7,9,27,24,15,22,8,17,18,7,0
2021/2/13,3,3,21,14,19,13,8,14,6,4,0
2021/2/14,7,5,11,17,14,21,9,9,11,4,0
2021/2/15,3,4,10,12,10,8,12,5,4,3,0
2021/2/16,4,10,18,16,18,18,12,7,19,11,0
2021/2/17,3,3,20,17,12,20,10,11,14,5,0
2021/2/18,10,12,25,23,18,13,9,10,14,8,0
2021/2/19,6,8,23,18,14,20,13,14,10,3,0
2021/2/20,6,7,22,14,22,16,12,10,17,5,0
2021/2/21,4,8,18,6,13,11,7,15,13,5,0
2021/2/22,2,10,17,10,10,26,5,9,5,2,0
2021/2/23,1,6,10,17,10,17,6,12,15,3,0
2021/2/24,9,2,19,12,11,12,10,9,8,1,0
2021/2/25,6,6,18,14,9,17,10,15,12,12,0
2021/2/26,8,6,21,15,11,19,14,14,4,4,0
2021/2/27,19,9,16,18,18,18,14,24,19,7,0
2021/2/28,7,10,13,14,17,19,9,17,15,10,0
2021/3/1,2,1,7,7,5,6,4,5,8,7,0
2021/3/2,4,5,14,9,21,5,3,14,8,1,0
2021/3/3,2,6,20,15,25,21,17,15,12,5,0
2021/3/4,2,8,22,17,23,13,18,17,16,2,0
2021/3/5,7,6,21,23,21,16,9,14,8,6,0
2021/3/6,2,7,21,14,15,19,11,6,12,6,0
2021/3/7,4,10,20,14,16,12,13,14,10,6,0
2021/3/8,6,6,4,9,9,12,3,6,3,1,0
2021/3/9,2,7,19,12,15,14,7,11,7,6,0
2021/3/10,4,0,23,17,19,17,11,22,10,1,0
2021/3/11,9,9,20,22,15,19,9,11,7,3,0
2021/3/12,8,14,19,10,15,15,2,11,8,5,0
2021/3/13,1,9,22,19,11,7,6,8,9,3,0
2021/3/14,7,14,19,19,18,8,7,11,3,3,0
2021/3/15,3,1,8,8,10,5,9,5,5,1,0
2021/3/16,0,3,17,10,12,16,9,9,9,6,0
2021/3/17,4,5,21,16,11,17,8,4,5,2,0
2021/3/18,3,15,51,18,18,26,6,12,7,3,0
2021/3/19,4,7,20,20,18,15,8,9,9,1,0
2021/3/20,10,7,23,14,9,13,11,7,12,1,0
2021/3/21,4,6,13,16,15,7,9,5,2,0,0
2021/3/22,5,8,8,13,4,8,2,5,3,0,0
2021/3/23,2,4,16,13,14,6,7,5,5,0,0
2021/3/24,8,9,23,13,21,19,12,13,10,0,0
2021/3/25,3,8,17,24,15,22,14,9,8,1,0
2021/3/26,4,13,28,13,13,19,11,9,6,1,0
2021/3/27,6,8,28,8,13,16,11,5,7,0,0
2021/3/28,1,4,18,9,8,9,5,8,2,0,0
2021/3/29,2,7,18,13,10,11,8,11,9,4,0
2021/3/30,2,2,28,12,11,14,11,7,7,2,0
2021/3/31,4,13,37,22,17,14,12,10,4,3,0
2021/4/1,6,10,31,15,11,17,12,8,19,4,0
2021/4/2,1,4,46,17,18,24,8,6,7,2,0
2021/4/3,4,7,38,17,17,19,11,7,5,4,0
2021/4/4,0,12,40,23,17,16,9,12,9,4,0
2021/4/5,3,3,23,12,8,8,5,5,1,0,0
2021/4/6,2,5,29,11,13,18,7,8,6,1,0
2021/4/7,2,7,32,14,21,18,9,8,3,4,0
2021/4/8,3,10,49,23,22,24,13,16,14,1,0
2021/4/9,8,9,29,31,27,26,11,19,5,3,0
2021/4/10,10,9,43,29,29,25,14,8,10,3,0
2021/4/11,4,3,29,26,17,21,13,9,6,4,0
2021/4/12,3,5,28,11,13,16,4,5,6,3,0
2021/4/13,4,10,26,19,12,21,8,7,5,2,0
2021/4/14,7,15,36,35,36,29,14,10,15,8,0
2021/4/15,8,21,50,28,46,41,11,11,19,7,0
2021/4/16,12,14,41,23,35,39,11,7,19,8,0
2021/4/17,10,21,80,43,28,32,11,9,11,2,0
2021/4/18,9,23,57,37,22,32,11,14,9,6,0
2021/4/19,3,18,32,21,20,21,15,3,7,2,0
2021/4/20,4,14,43,22,25,19,16,9,4,1,0
2021/4/21,5,22,69,26,34,42,29,14,10,1,0
2021/4/22,12,36,82,39,49,39,35,16,9,1,0
2021/4/23,4,21,54,34,38,32,14,19,5,4,1
2021/4/24,6,22,52,29,32,28,17,18,8,4,0
2021/4/25,8,23,64,29,31,26,14,13,9,4,0
2021/4/26,10,12,37,29,25,19,18,4,4,2,0
2021/4/27,5,27,51,29,34,33,13,9,10,1,0
2021/4/28,10,24,60,30,30,41,29,19,13,1,0
2021/4/29,10,24,72,42,37,45,11,11,3,0,0
2021/4/30,10,26,57,32,52,32,15,8,6,2,0
2021/5/1,6,21,56,56,46,48,19,14,8,1,0
2021/5/2,10,21,64,43,35,36,21,8,7,2,0
2021/5/3,8,17,58,26,31,34,22,17,8,1,0
2021/5/4,9,17,51,36,23,34,19,7,12,6,0
2021/5/5,3,13,36,26,25,19,14,12,3,0,0
2021/5/6,10,22,55,21,30,48,22,11,3,2,0
2021/5/7,5,25,51,22,52,35,17,12,7,3,0
2021/5/8,12,28,67,51,53,32,27,17,12,4,0
2021/5/9,10,29,77,58,55,52,20,25,9,3,0
2021/5/10,8,23,62,37,46,28,19,10,4,0,0
2021/5/11,12,28,74,39,54,39,11,9,9,2,0
2021/5/12,14,23,81,53,48,52,21,16,9,1,1
2021/5/13,15,42,82,51,48,47,18,21,11,2,0
2021/5/14,17,31,99,60,56,36,17,10,10,3,0
2021/5/15,9,55,81,57,49,38,17,11,7,4,0
2021/5/16,7,28,85,49,45,36,19,15,10,2,0
2021/5/17,10,16,56,28,36,30,13,7,3,0,0
2021/5/18,10,29,62,31,51,37,13,8,6,1,0
2021/5/19,7,28,63,38,55,35,23,15,4,1,0
2021/5/20,9,41,78,58,33,42,20,20,5,2,0
2021/5/21,13,29,80,45,52,38,19,23,17,11,0
2021/5/22,10,24,70,34,45,43,15,15,11,1,0
2021/5/23,13,26,71,41,37,31,16,15,12,4,0
2021/5/24,11,13,51,37,30,20,16,18,13,9,0
2021/5/25,10,16,49,28,42,19,19,12,3,2,0
2021/5/26,5,17,56,25,41,30,22,13,13,3,0
2021/5/27,8,16,57,39,33,35,21,8,8,2,0
2021/5/28,15,17,57,38,44,37,15,23,10,4,0
2021/5/29,13,33,65,37,38,37,14,13,6,2,0
2021/5/30,10,21,55,37,34,24,19,14,19,0,0
2021/5/31,7,14,36,16,21,18,10,11,3,3,0
2021/6/1,7,16,47,25,24,21,9,7,3,0,0
2021/6/2,28,15,42,23,44,27,19,9,7,4,0
2021/6/3,16,18,55,36,31,24,20,9,6,0,0
2021/6/4,20,21,48,44,41,33,9,8,8,2,0
2021/6/5,13,15,76,29,34,26,14,10,6,1,0
2021/6/6,13,20,54,39,57,26,12,20,6,2,0
2021/6/7,6,13,36,29,31,23,22,7,4,2,0
2021/6/8,7,19,41,33,27,20,12,11,7,2,0
2021/6/9,8,15,46,35,37,30,12,14,2,2,0
2021/6/10,14,21,49,29,27,20,14,10,4,1,0
2021/6/11,17,16,63,43,25,30,14,10,2,0,0
2021/6/12,7,25,64,35,46,40,8,15,7,0,0
2021/6/13,8,16,42,37,24,20,13,8,1,1,0
2021/6/14,7,12,29,29,20,27,8,6,2,1,0
2021/6/15,5,10,42,27,25,24,14,7,6,0,0
2021/6/16,6,21,52,42,39,27,8,11,4,0,0
2021/6/17,12,17,54,21,33,18,14,8,6,1,0
2021/6/18,9,18,55,42,44,33,17,8,3,2,0
2021/6/19,6,16,57,26,23,27,12,6,6,2,0
2021/6/20,7,4,47,34,32,22,7,7,2,0,0
2021/6/21,5,17,36,21,19,22,10,4,1,0,0
2021/6/22,4,15,43,38,24,22,11,3,1,2,0
2021/6/23,8,15,55,26,33,32,15,15,2,0,0
2021/6/24,7,20,56,31,33,26,15,3,1,0,0
2021/6/25,13,27,49,35,42,32,15,6,1,1,0
2021/6/26,8,28,50,52,35,30,20,6,1,1,0
2021/6/27,14,23,37,40,34,34,6,9,5,1,0
2021/6/28,9,18,56,34,29,29,9,5,3,0,0
2021/6/29,10,19,45,32,32,32,6,5,0,0,0
2021/6/30,7,23,54,35,33,38,13,5,0,1,0
2021/7/1,3,22,61,32,31,34,16,9,2,1,0
2021/7/2,9,19,69,46,34,32,11,6,3,1,0
2021/7/3,12,23,64,44,43,40,19,6,3,0,0
2021/7/4,12,23,70,34,30,40,9,4,2,2,0
2021/7/5,4,15,46,33,35,25,8,11,1,2,0
2021/7/6,4,12,45,46,37,31,17,5,1,0,0
2021/7/7,5,11,73,39,51,46,12,11,1,1,0
2021/7/8,10,21,74,72,61,52,18,13,1,0,0
2021/7/9,22,43,99,59,49,49,15,9,7,3,0
2021/7/10,24,25,89,65,44,37,12,6,6,2,0
2021/7/11,17,45,103,55,68,60,23,9,8,1,0
2021/7/12,6,34,74,37,44,54,18,11,2,0,0
2021/7/13,12,18,85,59,46,50,18,14,5,1,0
2021/7/14,8,45,98,54,69,52,19,6,10,0,0
2021/7/15,19,51,112,67,64,53,18,9,6,4,0
2021/7/16,18,33,135,62,92,69,21,12,4,0,0
2021/7/17,26,57,155,80,107,71,24,10,8,1,0
2021/7/18,23,55,124,86,74,64,19,13,2,0,0
2021/7/19,14,55,110,78,73,48,21,12,1,0,0
2021/7/20,21,53,117,73,74,64,17,10,4,0,0
2021/7/21,30,66,143,94,83,74,15,7,9,0,0
2021/7/22,28,65,192,123,101,78,29,9,5,0,0
2021/7/23,26,79,195,111,107,88,28,11,5,2,0
2021/7/24,25,90,154,79,99,59,22,15,4,0,0
2021/7/25,37,64,155,87,82,79,13,6,8,0,0
2021/7/26,19,79,152,97,79,73,23,10,3,4,0
2021/7/27,34,76,223,125,140,108,35,10,4,3,0
2021/7/28,41,132,297,205,175,122,44,21,10,4,0
2021/7/29,58,147,335,196,176,173,46,24,7,2,0
2021/7/30,57,155,443,248,225,206,53,20,9,2,0
2021/7/31,61,179,529,289,227,199,54,23,12,7,0
2021/8/1,56,147,413,214,200,152,51,12,7,5,0
2021/8/2,77,208,554,286,241,196,67,24,25,8,0
2021/8/3,61,169,391,221,209,162,49,21,11,4,0
2021/8/4,58,170,451,246,275,188,61,20,13,2,0
2021/8/5,81,207,546,316,317,275,50,27,18,7,0
2021/8/6,129,254,585,354,360,284,73,25,12,5,1
2021/8/7,131,223,512,334,306,257,70,27,26,7,0
2021/8/8,99,225,491,313,350,266,72,21,16,7,0
2021/8/9,144,260,640,342,374,283,88,22,12,1,0
2021/8/10,89,218,402,277,275,203,63,26,16,3,0
2021/8/11,77,228,405,260,261,219,73,20,15,3,0
2021/8/12,88,173,479,311,322,292,83,36,20,3,0
2021/8/13,134,246,618,390,423,299,106,38,17,10,0
2021/8/14,152,327,587,397,406,334,88,39,20,6,0
2021/8/15,113,249,546,370,364,292,92,28,19,6,0
2021/8/16,159,335,664,468,433,346,110,39,23,7,0
2021/8/17,101,218,556,379,377,246,77,39,17,7,0
2021/8/18,136,240,517,359,326,317,67,35,20,4,0
2021/8/19,126,299,601,431,409,317,78,37,38,4,0
2021/8/20,191,338,754,550,481,391,91,40,35,7,0
2021/8/21,186,310,753,473,426,372,95,48,39,3,0
2021/8/22,161,335,697,436,409,300,83,53,36,14,0
2021/8/23,170,321,707,461,435,307,77,55,39,7,0
2021/8/24,137,270,498,319,341,236,73,38,26,8,0
2021/8/25,153,298,576,398,430,302,75,40,22,10,0
2021/8/26,186,361,645,451,438,339,109,57,33,13,0
2021/8/27,185,364,659,454,459,348,95,54,35,9,0
2021/8/28,161,312,565,457,390,319,88,41,36,8,0
2021/8/29,186,317,558,405,401,317,87,54,29,8,0
2021/8/30,132,238,414,288,309,214,50,47,22,5,0
2021/8/31,134,206,325,257,305,203,49,31,23,8,0
2021/9/1,115,229,468,326,332,261,77,57,43,13,0
2021/9/2,125,229,403,303,289,241,82,45,11,10,0
2021/9/3,164,261,415,306,337,237,77,41,25,5,0
2021/9/4,150,223,367,300,250,209,73,37,17,6,0
2021/9/5,85,189,301,207,184,154,57,44,15,6,0
2021/9/6,77,129,205,157,163,147,42,25,24,2,0
2021/9/7,53,117,173,105,128,110,22,17,12,1,0
2021/9/8,85,142,252,192,176,151,54,28,15,4,0
2021/9/9,57,104,170,139,133,127,32,17,19,5,0
2021/9/10,78,107,161,134,145,124,36,22,16,6,0
2021/9/11,78,91,209,142,161,106,31,27,12,4,0
2021/9/12,71,80,149,110,99,79,39,22,15,5,0
2021/9/13,47,62,134,96,79,69,17,15,8,2,0
2021/9/14,43,57,95,73,93,71,24,14,11,4,0
2021/9/15,39,53,101,88,97,54,29,19,5,3,0
2021/9/16,60,61,112,81,98,71,19,18,7,7,0
2021/9/17,69,62,100,89,100,57,30,23,10,7,0
2021/9/18,55,54,75,85,81,52,20,17,12,1,0
2021/9/19,52,35,71,69,78,53,22,4,7,3,0
2021/9/20,24,17,62,41,48,28,14,12,7,4,0
2021/9/21,24,22,37,39,19,14,15,6,5,7,0
2021/9/22,14,11,34,39,32,18,6,6,9,4,0
2021/9/23,21,32,59,39,50,29,13,9,5,2,0
2021/9/24,19,23,54,43,45,28,17,5,12,5,0
2021/9/25,9,22,56,37,38,14,8,5,3,1,0
2021/9/26,13,21,46,18,28,42,12,7,6,0,0
2021/9/27,13,14,27,25,17,18,3,3,3,0,0
2021/9/28,15,11,30,21,27,11,10,1,2,0,0
2021/9/29,13,14,37,21,16,16,4,8,1,0,0
2021/9/30,13,11,28,28,22,18,5,3,1,0,0
2021/10/1,11,11,28,13,29,8,7,4,4,0,0
2021/10/2,9,8,22,16,9,6,3,4,5,0,0
2021/10/3,7,3,25,19,12,10,3,4,3,0,0
2021/10/4,11,4,17,5,6,5,1,1,1,0,0
2021/10/5,12,8,16,8,12,12,2,3,4,0,0
2021/10/6,9,7,16,14,23,6,4,4,3,0,0
2021/10/7,16,10,24,17,19,5,2,4,4,1,0
2021/10/8,9,6,10,10,6,6,7,3,5,3,0
2021/10/9,22,7,15,13,6,6,4,1,5,2,0
2021/10/10,7,4,12,9,6,1,4,4,5,2,0
2021/10/11,5,5,8,14,2,6,1,4,4,0,0
2021/10/12,0,9,5,8,10,3,5,4,1,1,0
2021/10/13,9,4,6,10,11,3,2,2,1,2,0
2021/10/14,3,7,7,10,13,3,3,1,2,3,0
2021/10/15,5,2,4,4,7,6,1,0,3,1,0
2021/10/16,5,9,10,2,3,0,1,2,2,1,0
2021/10/17,7,7,6,7,5,0,1,2,1,1,0
2021/10/18,1,5,5,5,1,4,0,2,0,0,0
2021/10/19,1,2,4,2,1,0,0,0,0,0,0
2021/10/20,2,2,4,2,3,0,0,1,2,0,0
2021/10/21,6,6,9,7,2,2,3,1,3,0,0
2021/10/22,2,2,3,4,2,4,2,2,2,1,0
2021/10/23,1,2,2,1,1,0,0,1,1,0,0
2021/10/24,0,1,0,1,2,1,1,3,2,0,0
2021/10/25,0,1,1,2,2,0,0,1,0,0,0
2021/10/26,2,1,4,2,0,3,0,1,0,0,0
2021/10/27,1,1,3,6,1,0,0,1,1,1,0
2021/10/28,2,1,3,2,4,0,2,1,1,0,0
2021/10/29,1,2,3,2,0,0,0,0,0,0,0
2021/10/30,0,1,0,0,0,1,3,1,1,0,0
2021/10/31,2,0,3,1,0,0,0,1,1,1,0
2021/11/1,1,0,0,1,1,1,0,2,0,0,0
2021/11/2,1,0,5,0,2,1,0,0,1,0,0
2021/11/3,0,2,0,1,2,0,1,0,0,0,0
2021/11/4,1,2,6,2,3,1,1,1,4,1,0
2021/11/5,0,1,4,0,2,0,0,0,2,0,0
2021/11/6,0,0,4,1,2,2,1,1,2,1,0
2021/11/7,2,1,1,0,2,0,1,1,0,1,0
2021/11/8,1,0,2,3,0,1,1,1,2,0,0
2021/11/9,0,1,4,2,1,1,0,0,3,0,0
2021/11/10,0,1,3,2,1,2,1,1,2,0,0
2021/11/11,2,1,3,2,0,1,1,0,1,3,0
2021/11/12,1,2,2,3,3,0,0,2,4,2,0
2021/11/13,1,1,6,1,0,1,2,0,2,1,0
2021/11/14,1,2,4,2,2,0,1,0,0,0,0
2021/11/15,0,3,2,6,4,1,1,1,0,0,0
2021/11/16,0,1,2,1,1,0,0,2,0,2,0
2021/11/17,1,2,3,0,3,2,2,1,3,1,0
2021/11/18,3,1,4,7,0,1,1,1,2,1,0
2021/11/19,2,3,7,1,5,1,1,1,5,1,0
2021/11/20,1,0,2,1,0,1,0,0,2,1,0
2021/11/21,5,3,1,1,1,2,0,0,3,2,0
2021/11/22,0,2,1,0,0,1,1,1,1,3,0
2021/11/23,0,0,1,0,1,0,0,0,5,2,0
2021/11/24,2,0,1,3,1,2,0,1,1,0,0
2021/11/25,1,1,1,1,0,1,0,0,0,0,0
2021/11/26,2,0,4,3,0,0,0,0,1,0,0
2021/11/27,3,2,1,1,1,2,0,1,0,0,0
2021/11/28,1,1,1,2,1,1,0,0,0,0,0
2021/11/29,2,4,1,1,1,3,0,1,0,0,0
2021/11/30,1,1,1,2,4,0,0,0,0,0,0
2021/12/1,2,0,1,4,1,2,2,0,0,0,0
2021/12/2,1,2,0,2,1,3,1,0,0,0,0
2021/12/3,0,2,2,3,0,2,1,1,0,0,0
2021/12/4,0,1,3,4,3,0,0,1,0,0,0
2021/12/5,1,2,1,1,0,0,0,0,0,0,0
2021/12/6,1,0,0,3,1,0,0,1,0,0,0
2021/12/7,2,1,1,2,0,2,1,0,0,0,0
2021/12/8,1,1,5,1,0,2,0,0,0,0,0
2021/12/9,3,1,4,8,2,3,1,0,0,0,0
2021/12/10,0,2,2,1,1,4,3,3,1,0,0
2021/12/11,3,1,2,4,3,1,0,2,0,0,0
2021/12/12,3,1,1,1,2,2,0,0,0,0,0
2021/12/13,1,3,2,2,0,0,1,0,0,0,0
2021/12/14,1,0,0,0,2,2,0,0,1,0,0
2021/12/15,2,4,3,1,3,3,0,0,0,0,0
2021/12/16,3,3,2,3,4,2,4,5,6,4,0
2021/12/17,2,1,5,3,3,3,2,0,4,0,0
2021/12/18,1,6,2,3,5,3,0,6,2,1,0
2021/12/19,1,2,3,2,6,1,0,0,5,2,0
2021/12/20,2,2,5,2,2,2,0,1,0,1,0
2021/12/21,1,1,5,1,1,0,1,0,0,3,0
2021/12/22,0,3,3,2,2,2,0,0,0,0,0
2021/12/23,3,1,9,4,3,5,5,3,4,0,0
2021/12/24,2,1,7,4,3,3,2,1,0,0,0
2021/12/25,2,1,6,9,6,2,0,1,1,1,0
2021/12/26,2,5,7,9,6,3,3,0,1,0,0
2021/12/27,2,4,6,9,2,0,2,0,1,0,0
2021/12/28,1,1,1,1,0,4,1,0,1,0,0
2021/12/29,5,1,2,5,4,2,0,1,1,0,0
2021/12/30,4,1,8,12,3,0,2,0,0,2,0
2021/12/31,0,3,2,3,2,4,3,1,1,0,0
2022/1/1,5,3,7,2,1,1,0,0,1,0,0
2022/1/2,1,0,7,5,4,2,1,1,0,0,0
2022/1/3,4,2,13,4,5,3,3,0,0,0,0
2022/1/4,1,5,19,11,5,7,4,3,0,0,0
2022/1/5,5,8,31,20,13,8,5,3,0,0,0
2022/1/6,4,8,58,31,25,16,4,3,3,0,0
2022/1/7,14,14,103,52,29,18,11,5,5,0,0
2022/1/8,17,23,143,58,47,38,11,8,6,0,0
2022/1/9,25,40,180,84,41,44,18,7,3,1,0
2022/1/10,25,46,196,91,57,60,22,8,10,3,0
2022/1/11,17,37,123,67,48,53,14,11,15,1,0
2022/1/12,51,64,157,92,82,49,24,16,11,2,0
2022/1/13,65,88,278,135,90,88,45,30,13,10,0
2022/1/14,79,153,397,190,131,100,49,35,18,3,0
2022/1/15,97,220,530,221,171,159,61,47,24,8,0
2022/1/16,128,222,630,249,211,160,68,29,37,17,0
2022/1/17,135,266,735,227,199,138,64,47,36,11,0
2022/1/18,200,351,640,249,241,165,65,50,22,5,1
2022/1/19,235,386,652,301,263,239,87,72,34,16,2
2022/1/20,353,541,895,463,443,326,142,96,56,28,0
2022/1/21,418,475,909,520,476,303,134,93,63,18,0
2022/1/22,337,520,851,584,485,316,144,96,47,24,0
2022/1/23,379,533,944,599,587,406,147,103,68,26,0
2022/1/24,617,846,1201,793,847,529,209,149,59,23,2
2022/1/25,544,634,880,635,601,427,203,116,63,25,0
2022/1/26,626,736,1006,734,704,516,206,140,93,32,0
2022/1/27,767,887,1249,863,867,636,288,186,139,57,0
2022/1/28,936,963,1344,980,1001,616,282,174,119,49,1
2022/1/29,1460,1328,1690,1333,1353,905,389,273,162,62,4
2022/1/30,759,823,1375,1093,947,646,293,159,128,55,1
2022/1/31,1072,1120,1329,1135,1179,673,349,250,197,92,0
2022/2/1,1109,1132,1309,1147,1191,698,362,253,146,58,1
2022/2/2,1405,1341,1439,1375,1452,716,367,260,188,65,0
2022/2/3,1225,1030,1213,1155,1200,748,400,295,185,94,2
2022/2/4,1470,1354,1534,1420,1587,1004,547,405,228,91,0
2022/2/5,1389,1200,1548,1485,1495,1012,544,423,276,117,1
2022/2/6,1138,1080,1445,1381,1548,962,476,370,218,84,5
2022/2/7,1063,935,1097,1027,1133,693,395,304,209,82,0
2022/2/8,1379,1256,1424,1455,1548,976,568,359,262,88,1
2022/2/9,1191,1132,1158,1139,1302,760,418,288,187,78,0
2022/2/10,1449,1218,1289,1398,1482,910,539,379,225,85,1
2022/2/11,1329,1109,1218,1307,1439,905,451,363,229,91,1
2022/2/12,1284,1215,1225,1361,1312,845,428,304,193,87,3
2022/2/13,1370,1085,1176,1324,1313,900,495,329,211,91,0
2022/2/14,992,835,848,912,1080,646,313,242,188,84,0
2022/2/15,1382,1044,944,1088,1180,837,425,301,213,104,1
2022/2/16,1138,942,977,1055,1214,781,363,309,253,114,1
2022/2/17,1417,1160,1074,1271,1427,915,459,332,268,122,1
2022/2/18,1453,1188,1246,1440,1593,985,498,395,265,117,2
2022/2/19,1338,1018,1027,1233,1296,834,429,355,271,144,0
2022/2/20,1096,889,955,1052,1134,755,375,295,264,132,1
2022/2/21,1256,953,846,956,1065,672,332,239,165,82,0
2022/2/22,1301,893,804,894,1034,738,344,293,183,62,1
2022/2/23,1223,873,755,900,1023,607,317,239,163,95,0
2022/2/24,1286,984,800,979,1067,611,329,275,166,78,0
2022/2/25,1373,890,812,1084,1118,709,386,282,243,113,0
2022/2/26,1040,830,758,995,977,592,291,180,157,101,2
2022/2/27,1063,834,813,923,971,597,306,181,149,74,1
2022/2/28,1340,950,785,1061,1076,631,304,245,200,103,2
2022/3/1,1170,1113,884,998,1004,481,320,166,128,65,1
2022/3/2,1256,1008,785,998,1022,617,321,212,163,57,1
2022/3/3,1427,1147,934,1147,1257,679,369,259,168,73,1
2022/3/4,1202,1020,904,1018,1113,657,325,223,160,86,0
2022/3/5,1181,1019,855,957,1021,623,297,210,200,77,2
2022/3/6,1039,843,738,813,925,536,248,164,139,86,0
2022/3/7,1178,959,751,910,978,533,275,202,148,55,1
2022/3/8,1066,867,615,718,876,486,217,132,141,43,0
2022/3/9,1349,1017,671,836,994,521,239,126,130,61,0
2022/3/10,1331,968,780,984,1055,604,263,144,128,45,0
2022/3/11,1180,928,734,960,1030,563,195,139,110,52,1
2022/3/12,997,764,668,807,868,477,222,153,106,56,0
2022/3/13,1304,1043,807,938,1064,603,243,187,141,75,3
2022/3/14,965,726,610,637,739,425,184,106,83,50,1
2022/3/15,1408,1214,949,1040,1127,566,247,184,147,78,1
2022/3/16,1141,787,544,763,771,395,153,112,96,41,0
2022/3/17,1137,894,708,918,953,530,223,126,86,27,1
2022/3/18,1105,762,742,909,906,518,204,122,87,38,0
2022/3/19,854,668,635,718,773,424,158,85,67,25,0
2022/3/20,917,714,667,794,780,451,181,80,63,21,1
2022/3/21,820,621,597,679,672,372,152,96,68,30,1
2022/3/22,525,414,407,396,423,250,95,61,36,14,0
2022/3/23,652,494,455,472,508,277,97,58,39,20,1
2022/3/24,743,622,634,696,714,380,129,78,44,21,0
2022/3/25,739,575,620,717,676,389,148,82,59,27,1
2022/3/26,842,775,876,891,868,484,178,96,61,31,0
2022/3/27,660,596,617,649,632,338,134,86,40,27,0
2022/3/28,612,616,650,574,649,357,107,98,66,25,1
2022/3/29,622,588,600,502,541,332,124,77,61,24,3
2022/3/30,807,810,693,649,647,319,116,78,63,28,1
2022/3/31,692,747,753,644,619,371,127,67,49,23,0
2022/4/1,582,651,669,595,638,349,124,73,64,23,0
2022/4/2,822,836,948,785,828,489,151,102,70,31,0
2022/4/3,655,703,888,652,776,405,162,78,61,36,1
2022/4/4,486,531,651,540,551,310,102,57,53,18,3
2022/4/5,590,523,619,531,619,344,134,73,54,10,1
2022/4/6,636,635,769,662,729,449,148,96,70,25,0
2022/4/7,638,641,727,628,632,411,138,79,65,19,0
2022/4/8,582,565,826,668,615,391,126,76,44,17,0
2022/4/9,673,590,760,683,689,399,130,106,58,25,0
2022/4/10,674,581,816,668,697,425,155,88,69,24,0
2022/4/11,676,679,728,686,655,390,149,85,49,13,0
2022/4/12,752,651,802,714,637,458,145,108,59,25,0
2022/4/13,906,717,823,785,775,395,163,94,70,25,0
2022/4/14,699,571,721,676,579,355,136,84,55,30,0
2022/4/15,674,608,747,708,648,406,150,83,54,33,0
2022/4/16,747,638,738,731,621,376,172,105,74,24,1
2022/4/17,585,490,625,573,523,310,122,85,45,20,0
2022/4/18,433,389,529,495,442,247,114,60,74,32,2
2022/4/19,572,444,476,505,439,247,109,59,44,19,0
2022/4/20,607,462,411,474,439,252,102,65,42,21,0
2022/4/21,526,477,488,504,439,262,95,56,44,13,0
2022/4/22,533,476,496,518,490,255,111,65,60,22,0
2022/4/23,715,563,563,565,512,242,141,87,63,42,0
2022/4/24,612,462,386,492,369,211,83,51,42,23,0
2022/4/25,546,502,504,497,435,253,91,50,62,28,0
2022/4/26,562,440,379,447,388,182,96,41,32,21,0
2022/4/27,656,525,464,469,459,228,97,72,41,11,0
2022/4/28,443,391,381,379,355,195,78,57,46,11,0
2022/4/29,410,431,337,419,386,212,74,56,40,12,0
2022/4/30,463,423,432,465,423,217,83,74,48,39,0
2022/5/1,346,342,321,381,319,173,63,39,30,10,2
2022/5/2,311,286,260,269,305,141,61,41,20,7,0
2022/5/3,197,179,173,190,161,110,47,16,17,10,1
2022/5/4,363,345,316,310,303,132,59,45,23,14,0
2022/5/5,217,219,250,266,250,128,48,34,26,10,0
2022/5/6,184,201,207,236,207,107,47,40,34,11,0
2022/5/7,243,266,345,288,296,157,61,54,46,20,0
2022/5/8,251,316,467,380,297,170,95,45,33,18,0
2022/5/9,236,276,384,329,288,140,65,45,32,26,0
2022/5/10,291,310,487,328,349,235,101,60,46,19,0
2022/5/11,273,380,581,436,363,220,87,59,51,26,0
2022/5/12,224,252,480,297,287,169,72,58,45,27,0
2022/5/13,222,332,512,331,319,200,92,59,38,24,0
2022/5/14,298,286,498,355,267,205,81,58,40,34,0
2022/5/15,335,320,423,296,278,179,68,59,42,13,0
2022/5/16,244,256,357,254,257,156,79,39,39,19,0
2022/5/17,360,303,352,297,286,179,73,63,32,17,0
2022/5/18,401,307,343,308,276,173,85,56,27,11,0
2022/5/19,323,268,322,322,263,153,53,52,32,10,0
2022/5/20,343,281,322,310,319,175,96,46,27,15,0
2022/5/21,351,306,330,323,289,157,43,52,40,14,0
2022/5/22,357,282,342,340,302,187,72,46,34,14,1
2022/5/23,264,228,209,250,191,167,74,34,38,18,1
2022/5/24,409,290,292,314,297,186,93,68,29,15,1
2022/5/25,353,260,281,294,272,151,75,57,20,12,0
2022/5/26,238,227,232,258,191,119,60,32,29,25,0
2022/5/27,300,227,256,300,257,147,56,39,33,17,0
2022/5/28,244,226,238,256,245,136,58,49,38,22,0
2022/5/29,257,214,202,250,241,105,43,39,40,19,0
2022/5/30,136,148,164,168,140,102,31,26,18,7,0
2022/5/31,170,179,177,187,179,113,71,31,30,19,0
2022/6/1,209,178,191,209,197,75,46,46,22,10,0
2022/6/2,133,117,137,144,146,89,48,23,17,6,0
2022/6/3,174,147,164,169,163,107,40,40,32,23,0
2022/6/4,181,158,200,189,179,77,61,37,26,9,0
2022/6/5,137,156,140,136,130,74,41,37,17,7,0
2022/6/6,125,94,140,144,123,71,30,17,20,8,0
2022/6/7,140,120,111,141,115,81,36,25,19,5,0
2022/6/8,163,112,152,156,108,83,40,21,10,6,0
2022/6/9,127,107,119,132,109,68,30,25,7,4,0
2022/6/10,105,119,129,154,147,72,37,30,16,2,0
2022/6/11,134,113,138,122,119,87,38,22,16,8,0
2022/6/12,108,96,142,132,131,70,26,26,15,6,0
2022/6/13,90,96,95,96,119,58,34,15,9,5,0
2022/6/14,113,104,104,116,102,65,37,19,15,3,0
2022/6/15,167,126,118,145,134,81,33,26,21,5,0
2022/6/16,105,92,116,126,122,56,31,23,11,7,0
2022/6/17,167,139,144,167,139,104,46,35,14,6,0
2022/6/18,155,139,168,139,152,79,36,32,11,8,0
2022/6/19,122,128,168,133,144,98,35,30,9,11,0
2022/6/20,101,94,114,99,89,79,45,18,12,8,0
2022/6/21,125,126,127,144,131,85,41,35,21,11,0
2022/6/22,162,134,138,156,149,98,52,28,28,4,0
2022/6/23,135,109,156,137,142,78,38,28,16,4,0
2022/6/24,163,152,190,186,193,148,66,30,27,16,0
2022/6/25,161,147,220,191,196,113,60,26,23,10,0
2022/6/26,167,158,179,169,179,110,61,42,18,7,0
2022/6/27,86,102,145,143,119,86,47,29,20,10,0
2022/6/28,139,164,210,194,175,126,59,39,19,13,0
2022/6/29,175,177,263,213,178,124,69,39,44,15,0
2022/6/30,170,177,278,232,181,126,59,41,12,10,0
2022/7/1,213,258,287,242,241,165,77,49,36,16,0
2022/7/2,246,266,375,254,269,177,78,60,43,14,0
2022/7/3,214,265,355,303,319,205,99,66,36,6,0
2022/7/4,251,319,324,258,302,194,104,66,39,14,0
2022/7/5,265,311,330,303,323,246,115,69,39,10,0
2022/7/6,446,505,526,478,531,336,161,97,57,22,0
2022/7/7,402,468,608,539,517,359,172,106,52,11,0
2022/7/8,455,543,733,588,596,435,194,134,80,34,0
2022/7/9,511,604,813,639,659,472,194,138,62,24,0
2022/7/10,487,743,861,676,687,520,233,167,77,24,0
2022/7/11,539,741,863,664,657,494,206,136,71,32,0
2022/7/12,722,901,902,748,802,607,249,197,97,35,0
2022/7/13,889,1155,1100,924,928,723,300,244,113,55,0
2022/7/14,783,1097,1302,970,1007,718,291,202,120,53,1
2022/7/15,957,1296,1459,1147,1254,933,407,288,158,49,0
2022/7/16,948,1320,1496,1213,1282,893,433,270,160,76,0
2022/7/17,1032,1340,1623,1272,1351,999,492,294,168,47,0
2022/7/18,1188,1688,1839,1472,1566,1179,515,320,183,63,0
2022/7/19,1051,1550,1625,1342,1453,1115,558,327,170,66,3
2022/7/20,1517,2146,1954,1728,1880,1463,659,432,240,79,0
2022/7/21,1423,1799,1586,1520,1717,1265,532,381,232,73,0
2022/7/22,1622,2293,2356,2105,2350,1522,678,429,232,97,0
2022/7/23,1854,2499,2739,2378,2705,1866,868,560,312,130,0
2022/7/24,1631,2242,2685,2246,2470,1794,750,488,298,95,0
2022/7/25,1583,2364,2676,2228,2523,1740,820,474,289,124,4
2022/7/26,1417,2028,2258,1953,2266,1661,766,467,306,117,4
2022/7/27,2292,2944,3362,3056,3250,2460,1106,700,459,189,0
2022/7/28,2033,2373,2750,2592,2815,2147,952,717,436,209,0
2022/7/29,1781,2106,2709,2619,2749,2090,947,599,415,231,1
2022/7/30,2011,2303,3279,3105,3453,2585,1206,684,405,214,0
2022/7/31,1975,2190,2890,2657,2909,2360,1078,710,428,222,1
2022/8/1,1892,2196,2902,2660,3023,2287,1109,718,423,159,0
2022/8/2,1770,1978,2586,2561,2889,2267,1045,689,470,207,0
2022/8/3,2277,2286,3062,3049,3344,2522,1249,865,519,195,0
2022/8/4,1966,2079,2933,2974,3367,2571,1207,810,527,192,0
2022/8/5,1768,1868,2901,2939,3067,2481,1111,833,484,233,0
2022/8/6,2096,2040,3012,2993,3260,2494,1130,793,526,206,0
2022/8/7,1789,1703,2666,2556,2864,2379,1137,758,461,162,0
2022/8/8,1690,1734,2434,2380,2523,2128,1049,729,490,211,0
2022/8/9,1942,2081,2775,2907,3156,2713,1213,800,593,283,0
2022/8/10,2085,2060,2939,3003,3401,2769,1194,874,538,235,0
2022/8/11,1607,1544,2432,2335,2683,2196,1032,715,488,222,0
2022/8/12,1843,1717,2544,2534,2882,2347,1215,832,580,261,0
2022/8/13,1378,1422,2107,2150,2334,1948,941,670,521,195,0
2022/8/14,1519,1402,2192,2196,2443,1996,994,666,469,199,0
2022/8/15,1288,1337,2041,2010,2237,1851,879,562,451,222,0
2022/8/16,1358,1460,2002,2143,2404,2006,917,621,505,228,0
2022/8/17,1561,1581,2242,2330,2667,2232,896,632,505,231,0
2022/8/18,1529,1695,2730,2686,2819,2288,999,615,440,197,0
2022/8/19,1366,1522,2296,2121,2494,1972,946,640,479,211,0
2022/8/20,1591,1681,2735,2628,2678,2289,1074,762,575,247,0
2022/8/21,1411,1445,2356,2178,2325,2026,1109,732,535,225,0
2022/8/22,1187,1338,2066,1929,2035,1788,857,641,445,169,0
2022/8/23,1290,1297,1815,1881,2025,1688,836,623,447,194,0
2022/8/24,1544,1436,2160,2101,2235,1900,922,737,459,209,0
2022/8/25,1198,1156,1745,1696,1842,1556,687,519,369,146,0
2022/8/26,1314,1193,1883,1786,2020,1699,871,636,459,173,0
2022/8/27,1292,1135,1778,1727,1841,1573,811,593,445,185,0
2022/8/28,1206,1065,1406,1465,1532,1326,689,484,297,125,0
2022/8/29,1133,974,1382,1368,1532,1267,582,440,346,154,0
2022/8/30,1182,911,1270,1291,1427,1212,587,442,338,158,0
2022/8/31,1328,914,1230,1443,1449,1160,558,368,245,111,0
2022/9/1,1087,789,1096,1326,1325,968,497,354,285,105,0
2022/9/2,1168,870,1187,1434,1421,1142,602,410,241,99,0
2022/9/3,1091,760,1171,1259,1297,1076,517,364,249,108,0
2022/9/4,1001,740,944,1076,1126,912,463,374,244,75,0
2022/9/5,987,646,892,1013,1038,821,383,320,200,68,0
2022/9/6,1029,700,784,941,957,783,445,289,193,74,0
2022/9/7,1236,849,833,1069,1203,849,421,301,208,73,0
2022/9/8,971,763,806,1070,972,704,350,242,149,49,0
2022/9/9,1180,962,925,1211,1155,894,451,327,201,94,0
2022/9/10,1077,841,845,1084,1038,759,385,223,194,77,0
2022/9/11,1027,748,794,1037,1031,797,372,240,199,81,0
2022/9/12,926,732,708,885,848,673,291,202,157,56,0
2022/9/13,1026,721,579,863,866,650,307,204,134,61,0
2022/9/14,1247,921,732,1009,1072,755,334,215,146,53,0
2022/9/15,877,740,653,880,873,605,274,169,93,46,0
2022/9/16,978,802,741,988,1054,659,340,204,133,46,0
2022/9/17,985,831,684,886,981,704,321,234,139,56,0
2022/9/18,865,716,644,821,911,577,262,181,124,52,0
2022/9/19,584,542,446,593,642,444,187,134,85,27,0
2022/9/20,587,574,402,525,604,434,205,134,85,22,0
2022/9/21,615,576,462,638,684,450,186,126,74,25,0
2022/9/22,706,684,576,818,795,540,222,136,100,32,0
2022/9/23,809,700,692,924,968,659,286,251,138,67,0
2022/9/24,596,588,631,761,790,569,223,180,123,45,0
2022/9/25,398,508,516,592,611,429,201,150,96,41,0
2022/9/26,526,679,595,733,785,550,194,141,96,29,0
2022/9/27,305,396,382,365,457,296,144,171,42,13,0
2022/9/28,391,475,501,475,545,396,178,143,89,36,0
2022/9/29,306,461,463,478,495,420,181,127,67,28,0
2022/9/30,248,331,375,377,405,292,155,101,64,20,0
2022/10/1,284,414,444,358,413,351,141,118,65,31,1
2022/10/2,187,315,328,256,310,293,98,76,35,8,0
2022/10/3,164,208,200,165,201,178,67,37,31,14,0
2022/10/4,304,420,378,331,430,335,153,146,80,29,0
2022/10/5,298,394,381,388,406,347,163,88,50,27,0
2022/10/6,271,359,342,357,360,322,151,93,64,14,0
2022/10/7,217,305,332,291,351,278,115,82,57,22,0
2022/10/8,187,250,274,268,281,225,117,47,28,13,0
2022/10/9,154,230,202,231,245,195,84,54,19,10,0
2022/10/10,99,145,111,128,131,127,47,16,19,9,0
2022/10/11,91,169,141,128,162,137,49,25,26,13,0
2022/10/12,295,355,370,316,369,337,137,98,63,15,0
2022/10/13,256,370,384,375,408,365,129,103,45,18,0
2022/10/14,203,280,308,310,379,288,122,86,63,19,0
2022/10/15,186,251,364,304,406,275,122,83,45,9,0
2022/10/16,165,241,243,250,319,240,119,67,31,15,0
2022/10/17,89,175,146,170,161,151,60,39,26,5,0
2022/10/18,233,299,261,281,324,294,141,112,49,18,0
2022/10/19,257,358,297,326,394,285,143,103,45,13,0
2022/10/20,226,281,293,329,345,267,111,83,42,14,0
2022/10/21,170,267,277,247,327,275,102,75,55,8,0
2022/10/22,193,260,301,285,338,234,116,87,53,25,0
2022/10/23,194,300,254,240,321,244,121,78,34,21,0
2022/10/24,127,207,154,171,180,145,70,47,17,5,0
2022/10/25,253,422,358,307,396,317,134,111,87,23,0
2022/10/26,275,433,428,414,445,394,154,114,101,51,0
2022/10/27,227,375,357,342,364,344,152,100,56,16,0
2022/10/28,212,320,346,290,442,297,124,100,53,24,0
2022/10/29,291,413,385,362,432,324,165,98,72,18,0
2022/10/30,247,355,329,296,382,267,120,97,47,18,0
2022/10/31,192,315,222,227,298,235,94,40,26,10,0
2022/11/1,468,664,484,520,617,537,236,150,89,28,0
2022/11/2,458,635,540,498,568,466,193,148,97,36,0
2022/11/3,403,659,614,555,660,516,221,161,107,29,0
2022/11/4,243,416,384,374,420,344,114,75,33,11,0
2022/11/5,471,778,625,634,777,608,312,201,178,60,0
2022/11/6,427,659,649,602,707,613,259,172,105,50,0
2022/11/7,288,407,370,343,437,314,136,75,36,13,0
2022/11/8,484,712,760,670,761,708,288,218,145,58,0
2022/11/9,478,737,738,667,828,640,276,207,126,47,0
2022/11/10,446,796,822,769,842,755,354,223,128,55,0
2022/11/11,504,682,758,693,770,609,263,182,123,37,0
2022/11/12,500,874,771,675,873,670,314,255,141,54,0
2022/11/13,503,733,690,553,698,617,267,193,149,49,0
2022/11/14,335,499,474,405,513,400,164,104,62,28,0
2022/11/15,702,1025,852,860,1004,885,385,310,209,66,0
2022/11/16,705,1061,901,943,1088,845,413,290,200,70,0
2022/11/17,621,881,908,915,1027,879,375,297,169,56,0
2022/11/18,574,796,796,787,893,783,357,260,191,60,0
2022/11/19,665,884,835,765,947,786,376,304,167,73,0
2022/11/20,618,784,646,711,823,715,316,225,167,53,0
2022/11/21,426,557,499,464,586,466,221,138,87,41,0
2022/11/22,872,1164,923,1000,1193,926,480,355,241,81,0
2022/11/23,958,1223,1081,1151,1275,1043,505,350,242,81,0
2022/11/24,490,704,649,740,786,693,286,203,118,39,0
2022/11/25,657,949,994,1074,1214,893,436,305,206,97,0
2022/11/26,859,1048,1091,1090,1304,1040,524,389,241,96,1
2022/11/27,702,935,961,1019,1139,911,451,281,209,76,0
2022/11/28,505,568,556,606,711,571,251,161,99,38,0
2022/11/29,945,1200,1122,1173,1366,1053,525,431,257,89,0
2022/11/30,985,1195,1258,1217,1421,1166,530,379,314,108,0
2022/12/1,824,1016,1270,1158,1370,996,544,398,225,78,0
2022/12/2,800,911,1042,1104,1174,898,515,408,217,94,0
2022/12/3,884,1050,1213,1212,1300,1053,544,385,287,101,0
2022/12/4,680,865,970,924,1031,945,504,302,206,71,0
2022/12/5,408,576,589,560,712,586,242,167,103,34,0
2022/12/6,963,1102,1076,1070,1293,1050,521,402,310,110,0
2022/12/7,1101,1214,1266,1312,1533,1141,547,436,282,107,0
2022/12/8,904,1083,1315,1268,1469,1127,506,355,281,105,0
2022/12/9,929,1076,1200,1267,1352,1096,597,358,221,86,0
2022/12/10,1096,1167,1336,1342,1497,1169,586,492,279,103,0
2022/12/11,955,1141,1129,1142,1173,1011,523,331,207,79,0
2022/12/12,603,680,676,711,766,625,273,179,112,61,0
2022/12/13,1456,1389,1415,1563,1705,1386,688,501,359,151,3
2022/12/14,1471,1601,1664,1707,1817,1516,663,445,321,115,0
2022/12/15,1243,1426,1680,1767,1813,1500,690,504,303,114,0
2022/12/16,1067,1231,1570,1576,1717,1380,650,458,292,120,0
2022/12/17,1259,1405,1539,1616,1635,1400,687,499,270,104,0
2022/12/18,1092,1225,1247,1355,1451,1188,611,382,261,85,1
2022/12/19,681,853,809,827,924,756,390,200,130,48,0
2022/12/20,1382,1428,1415,1532,1805,1425,707,535,354,147,0
2022/12/21,1411,1615,1720,1850,1945,1588,698,504,370,132,0
2022/12/22,1238,1400,1777,1812,1976,1488,726,526,376,151,0
2022/12/23,1074,1231,1629,1669,1770,1413,696,442,287,120,0
2022/12/24,1185,1410,1828,1765,1907,1636,861,562,379,168,0
2022/12/25,1141,1267,1373,1411,1608,1397,705,490,295,97,0
2022/12/26,651,769,961,954,1033,884,375,203,118,40,0
2022/12/27,1382,1345,1661,1653,1807,1570,824,626,422,164,0
2022/12/28,1274,1391,1933,1906,1962,1655,880,561,387,156,0
2022/12/29,1158,1322,1822,1788,1973,1628,825,623,394,141,0
2022/12/30,736,923,1404,1308,1483,1255,608,396,271,107,0
2022/12/31,580,801,1149,1137,1149,1032,443,280,208,76,0
2023/1/1,462,577,924,869,992,856,374,246,152,62,0
2023/1/2,402,435,903,827,873,816,338,185,141,67,0
2023/1/3,331,395,920,811,870,753,340,196,152,60,0
2023/1/4,433,585,1371,1180,1075,1064,433,221,136,69,0
2023/1/5,713,841,2108,1718,1618,1544,748,644,521,233,0
2023/1/6,843,959,2382,1932,1859,1766,848,607,428,149,0
2023/1/7,936,1155,2396,2003,1950,1963,973,772,529,163,0
2023/1/8,716,882,1856,1564,1519,1549,847,659,377,122,5
2023/1/9,464,628,1371,1069,1045,1089,507,324,184,74,0
2023/1/10,314,446,904,738,708,768,310,183,143,44,0
2023/1/11,830,906,1575,1436,1496,1514,778,678,483,202,0
2023/1/12,721,910,1590,1386,1416,1451,728,589,390,156,0
2023/1/13,614,718,1335,1118,1178,1218,609,528,355,133,0
2023/1/14,672,766,1431,1193,1200,1147,587,482,274,123,0
2023/1/15,555,623,1062,828,898,898,525,345,218,75,0
2023/1/16,397,431,622,518,554,518,286,183,104,33,0
2023/1/17,898,706,938,913,998,987,527,437,313,119,0
2023/1/18,705,704,953,934,956,990,490,356,308,100,0
2023/1/19,660,584,794,823,814,841,426,349,248,95,0
2023/1/20,514,502,608,643,678,604,325,278,175,69,0
2023/1/21,621,508,560,619,683,634,354,279,207,76,0
2023/1/22,569,431,411,495,503,517,267,174,134,48,0
2023/1/23,325,279,263,303,327,320,164,101,81,31,0
2023/1/24,788,500,486,639,642,611,332,287,225,80,1
2023/1/25,706,456,493,689,643,513,321,214,164,79,0
2023/1/26,503,386,475,607,524,511,270,198,182,73,0
2023/1/27,465,366,395,477,533,425,242,176,111,56,0
2023/1/28,443,353,363,507,497,423,242,197,127,54,0
2023/1/29,375,292,281,366,407,340,166,135,74,27,0
2023/1/30,276,189,195,213,258,193,87,81,36,15,0
2023/1/31,442,344,338,415,441,388,223,203,170,80,0
2023/2/1,406,331,301,430,488,388,201,154,119,45,0
2023/2/2,334,302,311,403,398,361,177,156,112,38,0
2023/2/3,303,267,299,386,422,291,144,127,91,38,0
2023/2/4,284,279,255,323,356,299,173,136,122,59,0
2023/2/5,243,241,246,247,282,241,120,99,66,27,0
2023/2/6,145,140,122,150,187,159,74,41,26,10,0
2023/2/7,339,275,248,318,350,320,166,154,107,46,1
2023/2/8,242,238,231,256,328,284,133,110,128,50,0
2023/2/9,270,215,223,259,307,243,123,110,80,32,0
2023/2/10,170,176,191,227,243,240,128,94,76,39,0
2023/2/11,186,129,170,206,204,197,104,118,108,42,0
2023/2/12,75,71,106,100,120,101,56,39,29,15,0
2023/2/13,76,89,84,86,90,74,40,31,22,8,0
2023/2/14,207,165,152,201,203,214,106,95,101,38,0
2023/2/15,167,143,157,188,199,190,90,88,66,33,0
2023/2/16,142,107,128,180,174,133,99,70,59,21,0
2023/2/17,99,123,140,161,182,150,83,51,47,17,0
2023/2/18,103,82,117,135,137,124,68,62,37,22,1
2023/2/19,80,92,86,98,91,94,62,32,22,10,0
2023/2/20,46,60,50,57,52,64,30,20,13,3,0
2023/2/21,119,92,108,97,140,133,67,54,46,26,0
2023/2/22,86,75,101,124,139,133,67,49,53,18,1
2023/2/23,79,85,104,84,105,91,63,55,46,18,1
2023/2/24,26,41,56,69,70,49,28,15,17,8,0
2023/2/25,79,84,98,103,111,99,62,40,39,21,0
2023/2/26,57,56,75,78,67,71,37,30,20,8,0
2023/2/27,27,32,38,47,46,54,24,14,7,3,0
2023/2/28,72,86,120,106,100,116,60,47,36,28,0
2023/3/1,51,56,90,90,115,98,50,37,29,12,0
2023/3/2,48,55,84,85,88,74,35,46,24,6,0
2023/3/3,37,46,79,62,73,80,48,28,25,11,0
2023/3/4,46,44,70,85,66,67,44,27,27,15,0
2023/3/5,33,64,71,57,66,53,33,20,14,11,0
2023/3/6,25,36,34,25,25,52,22,11,19,10,0
2023/3/7,33,51,72,63,85,91,40,42,39,20,0
2023/3/8,44,43,72,73,81,74,39,27,36,12,0
2023/3/9,38,35,83,66,92,76,45,32,18,4,0
2023/3/10,38,29,71,86,57,69,44,33,15,14,0
2023/3/11,37,46,69,55,56,79,42,38,23,5,0
2023/3/12,29,44,54,40,34,59,27,15,15,6,0
2023/3/13,14,23,44,18,41,43,19,13,4,3,0
2023/3/14,41,49,69,63,62,63,40,33,34,14,0
2023/3/15,39,34,76,53,70,82,44,21,30,11,0
2023/3/16,41,36,74,70,72,65,45,32,22,7,0
2023/3/17,28,32,57,50,59,59,24,28,21,11,0
2023/3/18,25,37,64,62,41,71,34,33,20,8,0
2023/3/19,18,25,62,51,34,46,31,27,13,4,0
2023/3/20,21,24,36,22,26,27,18,9,6,1,0
2023/3/21,25,26,69,51,42,61,40,37,25,9,0
2023/3/22,16,17,39,30,33,43,14,17,8,3,0
2023/3/23,34,35,82,66,66,80,44,37,36,23,0
2023/3/24,22,33,71,61,60,69,38,38,23,7,0
2023/3/25,22,39,99,68,60,98,46,38,24,10,0
2023/3/26,22,35,69,59,64,74,32,22,14,11,0
2023/3/27,12,20,38,25,37,36,18,8,4,0,0
2023/3/28,27,36,75,66,61,68,36,43,24,18,0
2023/3/29,16,28,80,63,73,86,48,41,26,7,0
2023/3/30,14,35,98,74,76,81,37,22,12,8,0
2023/3/31,15,31,97,50,62,78,35,23,16,6,0
2023/4/1,15,43,83,69,71,83,50,28,19,4,0
2023/4/2,15,34,86,48,59,69,43,31,18,5,0
2023/4/3,10,41,56,48,38,38,19,15,5,4,0
2023/4/4,33,42,122,79,82,132,58,45,36,8,0
2023/4/5,18,50,113,86,103,91,52,41,32,9,0
2023/4/6,28,48,104,99,97,101,70,29,19,7,0
2023/4/7,21,36,103,97,84,118,52,39,28,5,0
2023/4/8,33,47,98,88,90,101,62,44,23,8,0
2023/4/9,32,41,82,54,74,89,46,36,25,10,0
2023/4/10,16,26,60,51,41,62,36,12,6,0,0
2023/4/11,45,45,128,87,106,132,61,51,45,17,0
2023/4/12,30,59,122,99,108,132,60,50,21,6,0
2023/4/13,32,48,123,74,88,121,67,39,36,3,0
2023/4/14,27,49,107,83,72,92,40,47,30,6,0
2023/4/15,39,53,96,80,72,88,66,39,26,10,0
2023/4/16,35,49,80,75,70,81,35,31,17,4,0
2023/4/17,23,30,56,41,35,42,20,19,10,2,0
2023/4/18,51,78,129,110,126,122,71,50,31,16,0
2023/4/19,33,68,115,98,107,131,79,24,24,6,0
2023/4/20,40,78,113,127,115,140,75,46,25,10,0
2023/4/21,29,61,111,82,90,95,54,32,31,9,0
2023/4/22,42,78,142,82,140,138,80,44,38,7,0
2023/4/23,29,91,86,87,90,104,60,29,26,11,0
2023/4/24,21,53,51,54,61,58,37,16,15,6,0
2023/4/25,32,86,122,116,128,165,91,53,27,9,0
2023/4/26,34,92,142,105,118,142,86,49,31,10,0
2023/4/27,25,76,173,139,122,126,81,46,37,8,0
2023/4/28,32,109,130,114,112,120,74,51,35,11,0
2023/4/29,46,100,159,120,137,183,102,83,49,5,0
2023/4/30,19,73,106,72,85,109,50,29,20,4,0
2023/5/1,16,52,78,61,64,91,43,31,14,12,0
2023/5/2,53,128,171,162,179,206,117,98,52,13,0
2023/5/3,29,117,179,123,142,168,106,55,46,10,0
2023/5/4,21,58,108,105,76,104,58,43,15,3,0
2023/5/5,22,55,92,76,80,94,59,39,17,8,0
2023/5/6,14,44,84,81,55,70,48,24,10,3,0
2023/5/7,26,86,174,134,121,148,95,53,39,10,0
2023/5/8,17,57,126,97,73,88,47,39,18,5,0
